제품,원가격,할인된 가격,행사 내용
갓생)수첩,"2,000 원","(1,000원)",1+1
롯데)오잉(봉지),"1,700 원","(1,133원)",2+1
헬로)츄츄(고양이간식/참치),800 원,(533원),2+1
해태)누가바,"1,500 원","(1,000원)",2+1
농심)새우탕(소컵),"1,150 원",(767원),2+1
담터)쌍화차(원컵),"1,800 원","(1,200원)",2+1
롯데)쌀로별(봉지),"1,700 원","(1,133원)",2+1
하림)챔라면(대컵),"3,800 원","(2,533원)",2+1
서울)비요뜨(초코링),"2,000 원","(1,333원)",2+1
서울)비요뜨(쿠키앤크림),"2,000 원","(1,333원)",2+1
롯데)초코파이(지함),"5,400 원","(3,600원)",2+1
해태)구운양파(봉지),"1,700 원","(1,133원)",2+1
담터)생강차원컵,"1,800 원","(1,200원)",2+1
롯데)와일드바디,"1,500 원","(1,000원)",2+1
농심)사리곰탕면(봉지),"1,200 원",(800원),2+1
농심)사리곰탕면(소컵),"1,150 원",(767원),2+1
동서)리츠크래커(지함),"1,800 원","(1,200원)",2+1
롯데)초코빼빼로(지함),"1,700 원","(1,133원)",2+1
팔도)김치왕뚜껑(대컵),"1,400 원",(933원),2+1
하늘)초코틴인틴(지함),"2,200 원","(1,467원)",2+1
서울)마이픽딸기(초코링),"2,200 원","(1,100원)",1+1
요즘)그릭요거트(플레인),"4,200 원","(2,800원)",2+1
대상)안주야꾸이(아몬드&청양맛),"5,900 원","(3,933원)",2+1
남양)프렌치카페(카페오레),"2,100 원","(1,400원)",2+1
남양)프렌치카페(카푸치노),"2,100 원","(1,400원)",2+1
요즘)그릭요거트(그래놀라),"4,900 원","(3,267원)",2+1
요즘)그릭요거트(블루베리),"4,900 원","(3,267원)",2+1
널담)베지뚱카롱(크림브륄레),"2,000 원","(1,333원)",2+1
대상)안주야먹태(청양데리야끼),"5,900 원","(3,933원)",2+1
널담)베지뚱카롱(바닐라브라우니,"2,000 원","(1,333원)",2+1
미성)콴타브레이크,800 원,(400원),1+1
죽염)잇몸전문칫솔,"4,500 원","(2,250원)",1+1
농심)라면왕김통깨(대컵),"1,800 원","(1,200원)",2+1
농심)먹태깡큰사발(대컵),"2,000 원","(1,333원)",2+1
농심)빵부장소금빵(봉지),"1,700 원","(1,133원)",2+1
농심)빵부장초코빵(봉지),"1,700 원","(1,133원)",2+1
농심)신라면더레드(대컵),"1,800 원","(1,200원)",2+1
농심)육개장큰사발(대컵),"1,400 원",(933원),2+1
롯데)아몬드빼빼로(지함),"1,700 원","(1,133원)",2+1
롯데)크런키빼빼로(지함),"1,700 원","(1,133원)",2+1
하늘)막무정틴인틴(지함),"2,200 원","(1,467원)",2+1
하림)더미식비빔면(봉지),"1,700 원","(1,133원)",2+1
널담)크림휘낭시에(황치즈),"2,500 원","(1,667원)",2+1
비폰)포띠가쌀국수(닭고기),"3,000 원","(2,000원)",2+1
서울)마이픽플레인(쿠키링),"2,200 원","(1,100원)",1+1
아띠)젠젠로스티드(콘스틱),500 원,(333원),2+1
아띠)젠젠스파이시(마라맛),500 원,(333원),2+1
널담)크림휘낭시에(크림치즈),"2,500 원","(1,667원)",2+1
샘표)우리엄마깻잎(매콤한맛),"3,300 원","(2,200원)",2+1
허쉬)핫코코아원컵(오리지널),"1,800 원","(1,200원)",2+1
롯데)오가닉적포도&보라당근,"1,500 원","(1,000원)",2+1
맥심)화이트골드원컵,"1,200 원",(800원),2+1
삼립)신선가득꿀호떡,"2,100 원","(1,400원)",2+1
삼립)잼있는딸기쿠키,"1,200 원",(800원),2+1
삼립)잼있는사과쿠키,"1,200 원",(800원),2+1
삼립)하이면명인우동,"3,800 원","(2,533원)",2+1
마즈)이클립스플러스(꿀&레몬향),"3,500 원","(2,333원)",2+1
마즈)이클립스플러스(배&비파향),"3,500 원","(2,333원)",2+1
롯데)치토스바베큐맛(봉지/대),"3,400 원","(2,267원)",2+1
남양)자연의불가리스(사과),"2,000 원","(1,333원)",2+1
동서)리츠크래커초코(지함),"1,800 원","(1,200원)",2+1
동원)뉴트리플랜참치(멸치),"1,800 원","(1,200원)",2+1
동원)뉴트리플랜참치(치즈),"1,800 원","(1,200원)",2+1
롯데)제로쿠앤크샌드(지함),"2,000 원","(1,333원)",2+1
롯데)초코필드빼빼로(지함),"1,700 원","(1,133원)",2+1
다논)액티비아스무디(키위사과),"2,000 원","(1,000원)",1+1
동원)뉴트리플랜참치(닭가슴살),"1,800 원","(1,200원)",2+1
바프)아몬드앤프레첼(체다치즈),"2,200 원","(1,467원)",2+1
바프)군옥수수맛땅콩&콘프라이,"3,900 원","(2,600원)",2+1
서주)탱글탱글골드키위,"2,500 원","(1,667원)",2+1
선우)거노마라곤약젤리,"1,200 원",(600원),1+1
선우)거노향라곤약젤리,"1,200 원",(600원),1+1
오가)핑크솔트시카샴푸,"7,000 원","(3,500원)",1+1
롯데)치토스매콤달콤맛(봉지/대),"3,400 원","(2,267원)",2+1
대상)청정원멸치쌀국수(대컵),"2,600 원","(1,733원)",2+1
동서)리츠크래커어니언(지함),"1,800 원","(1,200원)",2+1
롯데)화이트쿠키빼빼로(지함),"1,700 원","(1,133원)",2+1
하늘)해츠쟈쏸라펀마라(대컵),"3,000 원","(2,000원)",2+1
하림)더미식메밀비빔면(봉지),"1,800 원","(1,200원)",2+1
하림)맑은닭육수쌀라면(봉지),"1,900 원","(1,267원)",2+1
하림)얼큰닭육수쌀라면(봉지),"1,900 원","(1,267원)",2+1
하림)장인라면담백한맛(봉지),"2,200 원","(1,467원)",2+1
하림)장인라면얼큰한맛(봉지),"2,200 원","(1,467원)",2+1
하림)푸디버디빨강라면(대컵),"2,400 원","(1,600원)",2+1
하림)푸디버디빨강라면(봉지),"2,000 원","(1,333원)",2+1
하림)푸디버디하양라면(대컵),"2,400 원","(1,600원)",2+1
하림)푸디버디하양라면(봉지),"2,000 원","(1,333원)",2+1
허쉬)초코크림샌드쿠키(지함),"1,700 원","(1,133원)",2+1
삼경)카바야퓨아랄젤리(머스캣),"2,500 원","(1,667원)",2+1
삼경)카바야퓨아랄젤리(복숭아),"2,500 원","(1,667원)",2+1
피죤)무균무때프리미엄(다용도),"8,500 원","(4,250원)",1+1
리치)컴플리트소프트칫솔,"3,500 원","(1,750원)",1+1
미성)마싯디핑초콜릿팝칩,"2,500 원","(1,667원)",2+1
흥선)산리오플리퍼즈젤리,"2,800 원","(1,867원)",2+1
동서)필라델피아크림치즈(포션),"5,000 원","(2,500원)",1+1
미성)폴프랭크옥수수통칩(봉지),"1,500 원","(1,000원)",2+1
하림)푸디버디까망짜장면(대컵),"2,800 원","(1,867원)",2+1
허쉬)바닐라크림샌드쿠키(지함),"1,700 원","(1,133원)",2+1
흥선)쫀드기튀김떡볶이맛(봉지),"2,000 원","(1,333원)",2+1
넷플)마카다미아치즈믹스넛,"2,900 원","(1,933원)",2+1
담터)아몬드호두율무차원컵,"1,800 원","(1,200원)",2+1
농심)포테토칩먹태청양마요맛,"1,700 원","(1,133원)",2+1
바프)매운고추장맛멸치아몬드,"6,900 원","(4,600원)",2+1
벤앤)뉴욕슈퍼퍼지청크파인트,"14,900 원","(9,933원)",2+1
삼경)애니스마일초콜릿비스킷,"1,000 원",(500원),1+1
하림)더미식유니자장면한그릇(대,"4,980 원","(3,320원)",2+1
흥선)쫀드기튀김버터오징어맛(봉,"2,000 원","(1,333원)",2+1
남양)프렌치카페카라멜마키아또,"2,100 원","(1,400원)",2+1
농심)앵그리짜파구리큰사발대컵,"1,800 원","(1,200원)",2+1
다논)액티비아스무디딸기바나나,"2,000 원","(1,000원)",1+1
대상)안주야육즙팡매콤돼지구이,"8,900 원","(5,933원)",2+1
롯데)오가닉레드비트토마토딸기,"1,500 원","(1,000원)",2+1
롯데)이지프로틴식물성단백질바,"1,300 원",(867원),2+1
매일)바리스타로슈거에스프레소,"2,600 원","(1,733원)",2+1
삼경)뉴트릭스피넛코코아웨이퍼,"1,400 원",(700원),1+1
코카)캐나다드라이진저에일제로,"1,600 원",(800원),1+1
오뚜기)스낵면(대컵),"1,700 원","(1,133원)",2+1
오뚜기)육개장(소컵),"1,000 원",(667원),2+1
오뚜기)짜슐랭(봉지),"1,400 원",(933원),2+1
빙그레)뽕따소다,"1,800 원",(900원),1+1
퍼페티)츄파춥스,300 원,(200원),2+1
에이스)타이야끼(말차),"3,500 원","(1,750원)",1+1
오뚜기)스파게티(대컵),"1,700 원","(1,133원)",2+1
오뚜기)제육덮밥(컵밥),"4,800 원","(3,200원)",2+1
오뚜기)진비빔면(봉지),"1,250 원",(833원),2+1
오뚜기)참깨라면(대컵),"1,700 원","(1,133원)",2+1
오뚜기)치즈게티(대컵),"2,300 원","(1,533원)",2+1
오뚜기)카레컵밥(컵밥),"4,800 원","(3,200원)",2+1
오뚜기)뿌셔뿌셔(양념치킨맛),"1,200 원",(800원),2+1
나뚜루)녹차파인트,"14,900 원","(9,933원)",2+1
나뚜루)딸기파인트,"14,900 원","(9,933원)",2+1
나뚜루)초코파인트,"14,900 원","(9,933원)",2+1
니베아)립케어체리,"4,900 원","(3,267원)",2+1
니베아)립케어포맨,"4,900 원","(3,267원)",2+1
유어스)세이퓨샤프,"2,200 원","(1,467원)",2+1
세이면)진한곰탕면(대컵),"2,200 원","(1,467원)",2+1
청정원)얼큰쌀국수(대컵),"2,600 원","(1,733원)",2+1
유어스)바베큐폭립(매콤한맛),"9,900 원","(6,600원)",2+1
유어스)바베큐폭립(오리지널),"9,900 원","(6,600원)",2+1
애디드)두부오트스낵(봉지),"2,500 원","(1,667원)",2+1
애디드)두부현미스낵(봉지),"2,500 원","(1,667원)",2+1
오뚜기)김치참치덮밥(컵밥),"4,800 원","(3,200원)",2+1
오뚜기)매콤낙지덮밥(컵밥),"4,800 원","(3,200원)",2+1
오뚜기)옛날잡채덮밥(컵밥),"4,800 원","(3,200원)",2+1
오뚜기)참치마요덮밥(컵밥),"4,800 원","(2,400원)",1+1
오뚜기)컵누들마라탕(소컵),"1,800 원","(1,200원)",2+1
오뚜기)톡톡김치알밥(컵밥),"4,800 원","(2,400원)",1+1
오레오)씬즈초코크림(지함),"2,000 원","(1,333원)",2+1
크라운)쿠크다스치즈(지함),"3,500 원","(2,333원)",2+1
산리오)박스커터쿠로미,"3,000 원","(2,000원)",2+1
산리오)박스커터포차코,"3,000 원","(2,000원)",2+1
샤프란)냄새뺌담배냄새,"4,200 원","(2,100원)",1+1
오랄비)크로스액션칫솔,"3,900 원","(1,950원)",1+1
유어스)세이퓨보드마카,"1,100 원",(733원),2+1
유어스)세이퓨유성매직,"1,100 원",(733원),2+1
제니코)불닭스트링치즈,"1,700 원","(1,133원)",2+1
홈위드)크런치초코쿠키,"1,800 원","(1,200원)",2+1
애디드)두부아몬드스낵(봉지),"2,500 원","(1,667원)",2+1
에머이)쌀국수소고기맛(대컵),"3,500 원","(2,333원)",2+1
오뚜기)쇠고기미역국밥(컵밥),"4,800 원","(2,400원)",1+1
오뚜기)순후추돼지국밥(컵밥),"4,800 원","(2,400원)",1+1
오뚜기)순후추순대국밥(컵밥),"4,800 원","(2,400원)",1+1
오뚜기)콘크림스프팝콘(봉지),"1,800 원","(1,200원)",2+1
오레오)웨하스스틱초코(지함),"3,000 원","(2,000원)",2+1
유어스)그르르냐옹스틱(참치),900 원,(450원),1+1
키다리)세이면북엇국수(대컵),"2,650 원","(1,767원)",2+1
키다리)세이면잔치국수(대컵),"2,650 원","(1,767원)",2+1
아라움)후라이드바삭김(참깨맛),"4,900 원","(3,267원)",2+1
아라움)후라이드바삭김(트러플),"4,900 원","(3,267원)",2+1
델토리)짱구지우개별사탕,"2,500 원","(1,250원)",1+1
메디안)치석치약오리지널,"4,500 원","(2,250원)",1+1
미니스)포켓몬여행용세트,"19,900 원","(9,950원)",1+1
산리오)박스커터시나모롤,"3,000 원","(2,000원)",2+1
산리오)박스커터폼폼푸린,"3,000 원","(2,000원)",2+1
산리오)박스커터헬로키티,"3,000 원","(2,000원)",2+1
산리오)접착테이프쿠로미,"4,000 원","(2,667원)",2+1
산리오)접착테이프포차코,"4,000 원","(2,667원)",2+1
홈위드)크런치아몬드쿠키,"1,800 원","(1,200원)",2+1
샤프란)스타일러섬유탈취(은은),"4,200 원","(2,100원)",1+1
애디드)두부햄프씨드스낵(봉지),"2,500 원","(1,667원)",2+1
오뚜기)고추참치마요덮밥(컵밥),"4,800 원","(3,200원)",2+1
오뚜기)차돌강된장보리밥(컵밥),"4,800 원","(3,200원)",2+1
오뚜기)참기름김치볶음밥(컵밥),"4,800 원","(3,200원)",2+1
오리온)오감자블랙알리오(봉지),"1,700 원","(1,133원)",2+1
유어스)동물농장애견사료(연어),"5,300 원","(3,533원)",2+1
유어스)동물농장애묘습식(멸치),"1,500 원",(750원),1+1
유어스)동물농장애묘습식(참치),"1,500 원",(750원),1+1
유어스)동물농장애견사료(닭고기,"4,900 원","(3,267원)",2+1
네슬레)핫쵸코오리지날원컵,"1,500 원","(1,000원)",2+1
산리오)박스커터마이멜로디,"3,000 원","(2,000원)",2+1
산리오)아크릴참샤프쿠로미,"4,000 원","(2,667원)",2+1
산리오)아크릴참샤프포차코,"4,000 원","(2,667원)",2+1
산리오)접착테이프시나모롤,"4,000 원","(2,667원)",2+1
산리오)접착테이프폼폼푸린,"4,000 원","(2,667원)",2+1
쉐푸드)까르보나라스파게티,"4,700 원","(3,133원)",2+1
쉐푸드)볼로네이즈스파게티,"4,700 원","(3,133원)",2+1
쉐푸드)생크림로제스파게티,"4,700 원","(3,133원)",2+1
오랄비)초극세모잇몸선케어,"2,900 원","(1,933원)",2+1
제니코)스모크향스트링치즈,"1,700 원","(1,133원)",2+1
퍼페티)멘토스사워파인애플,800 원,(400원),1+1
퍼페티)츄파춥스사워바이츠,"1,400 원",(700원),1+1
나뚜루)스트로베리치즈파인트,"14,900 원","(9,933원)",2+1
네슬레)프루팁스말랑트로피컬,"2,000 원","(1,000원)",1+1
덴마크)오리진카라멜마끼야또,"3,200 원","(2,133원)",2+1
바세린)립테라피로지립스스틱,"5,000 원","(2,500원)",1+1
바세린)립테라피오리지널스틱,"5,000 원","(2,500원)",1+1
빙그레)끌레도르끼리크림치즈,"14,900 원","(9,933원)",2+1
산리오)아크릴참샤프시나모롤,"4,000 원","(2,667원)",2+1
산리오)아크릴참샤프폼폼푸린,"4,000 원","(2,667원)",2+1
산리오)아크릴참샤프헬로키티,"4,000 원","(2,667원)",2+1
이디야)비니스트미니오리지널,"2,700 원","(1,800원)",2+1
파머스)저스티스딸기크림쿠키,"1,000 원",(667원),2+1
페리오)이지클리닉미세모칫솔,"2,200 원","(1,100원)",1+1
나뚜루)넛츠크림에스프레파인트,"14,900 원","(9,933원)",2+1
나뚜루)마카다미아크럼블파인트,"14,900 원","(9,933원)",2+1
로아커)크리스피카라멜헤이즐넛,"3,000 원","(1,500원)",1+1
빙그레)끌레도르클린라벨밀크티,"14,900 원","(9,933원)",2+1
빙그레)끌레도르클린라벨솔티드,"14,900 원","(9,933원)",2+1
산리오)아크릴참샤프마이멜로디,"4,000 원","(2,667원)",2+1
아라움)후라이드바삭김오리지널,"4,900 원","(3,267원)",2+1
유어스)덴마크드링킹샤인머스캣,"2,300 원","(1,150원)",1+1
유어스)타이거슈가흑당카페라떼,"2,700 원","(1,800원)",2+1
파머스)저스티스바닐라크림쿠키,"1,000 원",(667원),2+1
페리오)덴탈쿨링마우스스프레이,"3,900 원","(2,600원)",2+1
하이뮨)프로틴밸런스액티브초코,"3,200 원","(2,133원)",2+1
하이뮨)프로틴밸런스액티브커피,"3,200 원","(2,133원)",2+1
페브리즈)비치형(화장실용),"10,500 원","(7,000원)",2+1
썬스위트)군옥수수,"2,800 원","(1,400원)",1+1
최강야구)프로틴바(초코바나나),"2,500 원","(1,250원)",1+1
최강야구)프로틴바(초코크런치),"2,500 원","(1,250원)",1+1
바른생각)콘돔일반형,"4,300 원","(2,867원)",2+1
프링글스)숯불갈비맛(대),"4,000 원","(2,000원)",1+1
프링글스)찹스테이크맛(대),"4,000 원","(2,000원)",1+1
진마이랑)사천식탄탄면(대컵),"2,000 원","(1,333원)",2+1
페브리즈)화장실비치형(라벤더),"10,500 원","(7,000원)",2+1
헬로키티)마쉬멜로초콜릿,300 원,(200원),2+1
진주포차)자메이카바베큐닭다리,"4,900 원","(3,267원)",2+1
뉴트리플랜)디쉬(참치&닭가슴살),"3,000 원","(2,000원)",2+1
슈퍼마리오)핸들톡,"3,500 원","(2,333원)",2+1
신비아파트)귀신구슬,"4,500 원","(3,000원)",2+1
네츄럴코어)퓨어치킨(소프트),"1,200 원",(600원),1+1
뉴트리플랜)애견홀릭(닭가슴살),"3,000 원","(2,000원)",2+1
뉴트리플랜)애견홀릭(흰살참치),"3,000 원","(2,000원)",2+1
슈퍼마리오)네임택키링,"3,500 원","(2,333원)",2+1
브롤스타즈)피규어랜덤키링,"6,000 원","(4,000원)",2+1
슈퍼마리오)디오라마스탠드,"4,500 원","(3,000원)",2+1
스위스미스)머쉬멜로핫초코컵,"1,800 원","(1,200원)",2+1
플라잉구스)스리라차마요소스,"9,000 원","(6,000원)",2+1
플라잉구스)스리라차핫칠리소스,"8,000 원","(5,333원)",2+1
원반슈팅팔찌,"1,500 원",(750원),1+1
하이츄포도맛,"1,000 원",(667원),2+1
스마일에이치)꼬마솜사탕,700 원,(467원),2+1
짱구는못말려)포즈스티커,"1,500 원",(750원),1+1
직화껍데기막창,"7,900 원","(5,267원)",2+1
판판포테이토칩(오리지날),"1,400 원",(700원),1+1
클리오센스미세모,"2,900 원","(1,450원)",1+1
프리젤민트향캔디,"1,000 원",(500원),1+1
뷰센더블와이드칫솔,"4,800 원","(2,400원)",1+1
뉴트로지나데일리립밤,"5,100 원","(3,400원)",2+1
코피코커피맛블리스터,"1,000 원",(667원),2+1
코피코카푸치노블리스터,"1,000 원",(667원),2+1
판판포테이토칩사워크림&어니언,"1,400 원",(700원),1+1
오랄비크로스액션초미세모,"3,900 원","(1,950원)",1+1
페리오휴대용치약칫솔세트,"3,900 원","(2,600원)",2+1
프리젤유칼립투스멘톨캔디,"1,000 원",(500원),1+1
코피코슈가프리커피블리스터,"1,000 원",(667원),2+1
배스킨라빈스엄마는외계인초코볼,"2,000 원","(1,333원)",2+1
페브리즈차량방향제맑은하늘바람,"8,500 원","(5,667원)",2+1
즉석)미니붕어빵(팥)1입,600 원,(300원),1+1
매일)킨더트롱키(1입),900 원,(600원),2+1
유어스)터치쓰리일회용면도기1입,"1,000 원",(667원),2+1
질레트)스킨텍면도기1입,"26,700 원","(17,800원)",2+1
크리오)더스타일칫솔1입,"2,600 원","(1,300원)",1+1
딸기요거트뚱카롱(1입),"2,300 원","(1,533원)",2+1
초콜릿브라우니뚱카롱(1입),"2,300 원","(1,533원)",2+1
히말라야핑크솔트칫솔1입,"4,500 원","(2,250원)",1+1
노가리먹태1입,"6,900 원","(3,450원)",1+1
해피홈)파워캡슐라벤더(10입),"8,900 원","(4,450원)",1+1
해피홈)파워캡슐파우더향(10입),"8,900 원","(4,450원)",1+1
이디야)비니스트스페셜10입,"2,700 원","(1,800원)",2+1
크리넥스)마이비데클린케어10매,"1,600 원",(800원),1+1
크리넥스)안심물티슈10매,"2,000 원","(1,000원)",1+1
템포레귤라10입,"6,800 원","(4,533원)",2+1
템포슈퍼10입,"6,800 원","(4,533원)",2+1
하림)수비드닭가슴살블랙페퍼100,"4,500 원","(3,000원)",2+1
해태)자유시간아몬드1000,"1,000 원",(667원),2+1
하늘)크레이브싱글밀크초코1000,"1,000 원",(667원),2+1
하늘)크레이브싱글밀크크림1000,"1,000 원",(667원),2+1
크라운)키커바1000,"1,000 원",(667원),2+1
크라운)키커바시리얼1000,"1,000 원",(667원),2+1
롯데)하비스트100G,"1,700 원","(1,133원)",2+1
신화)어포튀각100G,"6,800 원","(4,533원)",2+1
피니)젤리웜즈100G,"1,800 원",(900원),1+1
피니)피지웜즈100G,"1,800 원",(900원),1+1
바프)멸치아몬드100G,"6,900 원","(4,600원)",2+1
사조)살코기참치100G,"3,300 원","(2,200원)",2+1
피니)콜라보틀젤리100G,"1,800 원",(900원),1+1
하림)닭가슴살훈제100G,"4,500 원","(3,000원)",2+1
거산)꿀머군고구마(100G/냉장),"3,800 원","(1,900원)",1+1
롯데)의성마늘직꾸닭100G,"3,000 원","(2,000원)",2+1
피니)크로커다일젤리100G,"1,800 원",(900원),1+1
하림)수비드닭가슴살100G,"4,500 원","(3,000원)",2+1
선우)탱탱애플망고젤리100G,"3,000 원","(1,500원)",1+1
롯데)의성마늘직꾸닭매콤100G,"3,000 원","(2,000원)",2+1
선우)탱탱스위트피치젤리100G,"3,000 원","(1,500원)",1+1
바프)구운양파맛멸치아몬드100G,"6,900 원","(4,600원)",2+1
사조)닭가슴살스테이크페퍼100G,"4,500 원","(3,000원)",2+1
사조)직화닭가슴살스테이크100G,"4,500 원","(3,000원)",2+1
죽염)히말라야핑크솔트치약100G,"5,500 원","(2,750원)",1+1
클링스)상쾌한민트100G,"4,900 원","(2,450원)",1+1
글로브)원더마라소스100G,"5,000 원","(3,333원)",2+1
페리오)프로폴리테라치약100G,"5,500 원","(2,750원)",1+1
스위트)트롤리네온스퀴글즈100G,"2,500 원","(1,667원)",2+1
스위트)트롤리상어모양젤리100G,"2,500 원","(1,667원)",2+1
히말라야)핑크솔트치약100G,"5,500 원","(2,750원)",1+1
서울마님)꿀씨앗쌀떡구이100G,"2,500 원","(1,667원)",2+1
서울마님)콘치즈쌀떡구이100G,"2,500 원","(1,667원)",2+1
뉴트로지나)딥클린포밍클렌100G,"8,900 원","(5,933원)",2+1
동물복지감동란100G,"2,600 원","(1,733원)",2+1
밀카밀크초콜릿100G,"3,200 원","(2,133원)",2+1
밀카스트로베리100G,"3,200 원","(2,133원)",2+1
안동간고등어100G(순살/냉동),"5,000 원","(2,500원)",1+1
엘)프로틴헤어세럼100ML,"12,900 원","(6,450원)",1+1
광동)헛개파워100ML,"5,000 원","(2,500원)",1+1
대상)아르포텐100ML,"3,500 원","(2,333원)",2+1
서영)모닝이즈백100ML,"5,000 원","(2,500원)",1+1
큐원)상쾌환부스터100ML,"5,000 원","(2,500원)",1+1
현대)미에로화이바100ML,900 원,(600원),2+1
큐원)상쾌환부스터제로100ML,"5,000 원","(2,500원)",1+1
가그린)제로100ML,"2,100 원","(1,400원)",2+1
가그린)오리지널100ML,"2,100 원","(1,400원)",2+1
종근당)산에는삼100ML,"3,000 원","(1,500원)",1+1
종근당)자황력액100ML,"5,000 원","(2,500원)",1+1
종근당)헛개땡큐골드100ML,"5,000 원","(2,500원)",1+1
존슨즈)베이비베드타임로션100ML,"6,000 원","(4,000원)",2+1
동화약품)쌍화원100ML,"1,200 원",(800원),2+1
리스테린)그린티100ML,"2,400 원","(1,600원)",2+1
리스테린)쿨민트100ML,"2,400 원","(1,600원)",2+1
리스테린)토탈케어100ML,"2,700 원","(1,800원)",2+1
리스테린)쿨민트마일드100ML,"2,400 원","(1,600원)",2+1
천지개벽)숙취해소음료100ML,"5,000 원","(2,500원)",1+1
태경)핑크퐁궁중떡볶이105G,"2,800 원","(1,867원)",2+1
태경)핑크퐁짜장떡볶이105G,"2,800 원","(1,867원)",2+1
마즈)트윅스미니사이즈10G,400 원,(267원),2+1
미스티)산리오마이뱃지10G,"3,500 원","(2,333원)",2+1
어바웃펫)근본카우불리스틱10G,"4,500 원","(2,250원)",1+1
스마일에이치)리얼딸기솜사탕10G,"1,800 원","(1,200원)",2+1
스마일에이치)수박모양솜사탕10G,"1,800 원","(1,200원)",2+1
쏘피)유기농슈퍼롱10P(오가닉),"10,600 원","(5,300원)",1+1
좋은느낌)좋은순면수퍼롱10P,"10,400 원","(5,200원)",1+1
바디피트수퍼롱&와이드10P,"8,700 원","(4,350원)",1+1
스타벅스)다크로스트10T,"5,000 원","(3,333원)",2+1
스타벅스)미디엄로스트10T,"5,000 원","(3,333원)",2+1
페리오)듀얼클린칫솔(1+1기획),"3,500 원","(1,750원)",1+1
에이스)맥콜보리건빵110G,"1,200 원",(800원),2+1
로트벡쉔)11비타민프루츠125ML,"4,900 원","(2,450원)",1+1
태경)핑크퐁크림떡볶이111G,"2,800 원","(1,867원)",2+1
선진)1+1핫도그80G,"2,400 원","(1,200원)",1+1
자연퐁솔잎리필1.18L,"8,300 원","(4,150원)",1+1
네이즈)그랑물티슈120매(캡),"5,900 원","(2,950원)",1+1
롯데)쥬시후레쉬1200,"1,200 원",(800원),2+1
동아)박카스맛젤리1200,"1,500 원","(1,000원)",2+1
롯데)크런키초콜릿1200,"1,200 원",(800원),2+1
오리온)오!그래놀라철분바1200,"1,200 원",(800원),2+1
오리온)오!그래놀라유산균바1200,"1,200 원",(800원),2+1
크라운)참크래커1200,"1,200 원",(800원),2+1
크라운)국희땅콩샌드1200,"1,200 원",(800원),2+1
오리온)마이구미포도알맹이1200,"1,200 원",(800원),2+1
동원)리챔120G,"4,200 원","(2,800원)",2+1
죽염)잇몸고치약120G,"6,900 원","(3,450원)",1+1
바프)와사비맛땅콩120G,"3,900 원","(2,600원)",2+1
바프)버터코코넛맛땅콩120G,"3,900 원","(2,600원)",2+1
바프)허니로스티드땅콩120G,"3,900 원","(2,600원)",2+1
바프)로스티드앤솔티드땅콩120G,"3,900 원","(2,600원)",2+1
오뚜기)리얼바삭한빅핫도그120G,"2,800 원","(1,400원)",1+1
페리오)인텐스치아강화치약120G,"7,900 원","(3,950원)",1+1
한독)레디큐120ML,"5,000 원","(2,500원)",1+1
한독)레디큐프로120ML,"6,000 원","(3,000원)",1+1
유어스)슈퍼히어로드링크120ML,"1,000 원",(667원),2+1
동화약품)배러라이트120ML,"3,500 원","(1,750원)",1+1
동화약품)배러화이트120ML,"3,500 원","(1,750원)",1+1
동화약품)비타천플러스120ML,"1,200 원",(800원),2+1
롯데)오가닉사과&당근125ML,"1,500 원","(1,000원)",2+1
롯데)야채듬뿍더진한레드125ML,"1,500 원","(1,000원)",2+1
니베아)인텐시브바디로션125ML,"5,500 원","(3,667원)",2+1
미성)치클린화이트초코128G,"3,500 원","(2,333원)",2+1
삼립)육즙가득부어스트128G,"2,900 원","(1,933원)",2+1
흥선)벤토12G(갈릭&스파이시),"1,800 원",(900원),1+1
흥선)벤토12G(바베큐&스파이시),"1,800 원",(900원),1+1
흥선)벤토12G(앵그리&스파이시),"1,800 원",(900원),1+1
라엘)유기농순면커버대형12P,"8,900 원","(5,933원)",2+1
소프트)프리미엄콘돔(12P),"10,900 원","(7,267원)",2+1
순수한면)제로오버나이트12P,"8,500 원","(4,250원)",1+1
좋은느낌)유기농순면뉴오버12P,"12,500 원","(6,250원)",1+1
샘표)밥도둑돼지고기130G,"4,200 원","(2,800원)",2+1
반찬단지)문어무침130G,"8,900 원","(4,450원)",1+1
폰타나)크림파스타소스130G[D2],"4,100 원","(2,733원)",2+1
롯데)쮸쮸바망고130ML,"1,500 원",(750원),1+1
남양)플로라랩당근토마토130ML,"2,500 원","(1,250원)",1+1
빙그레)닥터캡슐사과130ML,"2,200 원","(1,467원)",2+1
빙그레)닥터캡슐복분자130ML,"2,200 원","(1,467원)",2+1
빙그레)닥터캡슐베리믹스130ML,"2,200 원","(1,467원)",2+1
빙그레)닥터캡슐프로텍트130ML,"2,200 원","(1,467원)",2+1
다논)요거톡스타볼132G,"2,200 원","(1,100원)",1+1
오리온)썬핫스파이시맛135G,"2,800 원","(1,867원)",2+1
서울)비요뜨(링크)138G,"2,000 원","(1,333원)",2+1
네스퀵)초코웨하스1400,"1,400 원",(700원),1+1
켈로그)크런치넛에너지바1400,"1,400 원",(700원),1+1
롯데)빅핫도그140G,"3,000 원","(2,000원)",2+1
사조)스노우크랩킹140G,"4,900 원","(3,267원)",2+1
네슬레)프루팁스(대)140G,"3,900 원","(1,950원)",1+1
네슬레)프루팁스리치맛140G,"3,900 원","(1,950원)",1+1
서울)듀오안플레인140ML,"2,000 원","(1,000원)",1+1
라벨리)인절미미니컵140ML,"3,000 원","(2,000원)",2+1
초코사이버)초코비모나카140ML,"4,000 원","(2,667원)",2+1
동원)가쓰오크랩스144G,"3,900 원","(2,600원)",2+1
흥선)포켓몬반지모양캔디14G,"1,000 원",(667원),2+1
뉴트리스틱)참치&닭가슴살14G*4,"3,000 원","(2,000원)",2+1
뉴트리스틱)참치&연어14G*4,"3,000 원","(2,000원)",2+1
뉴트리스틱)참치14G*4,"3,000 원","(2,000원)",2+1
테크)베이킹소다실내건조1.4L,"12,900 원","(6,450원)",1+1
테크)베이킹소다액체세제1.4L,"12,900 원","(6,450원)",1+1
피죤)액츠데오후레쉬1.4L,"12,900 원","(6,450원)",1+1
자연퐁)마더스노트로즈마리1.4L,"10,500 원","(5,250원)",1+1
건강한)순수한면대형14P,"8,900 원","(4,450원)",1+1
순수한면)제로대형14P,"8,500 원","(4,250원)",1+1
디어스킨)에어엠보대14P,"8,100 원","(4,050원)",1+1
순수한면)제로영대형14P,"8,900 원","(4,450원)",1+1
좋은느낌)울트라날개오버14P,"10,900 원","(5,450원)",1+1
좋은느낌)유기농순면뉴슬날대14P,"11,200 원","(5,600원)",1+1
좋은느낌)유기농순면뉴슬날중14P,"9,600 원","(4,800원)",1+1
피죤)액츠캡슐세제15입실내건조,"11,900 원","(5,950원)",1+1
마즈)엠앤엠즈블록밀크1500,"1,500 원","(1,000원)",2+1
마즈)엠앤엠즈블록크리스피1500,"1,500 원","(1,000원)",2+1
크라운)콘초1500,"1,500 원","(1,000원)",2+1
네슬레)킷캣핑거1500,"1,500 원",(750원),1+1
크라운)못말리는신짱1500,"1,500 원","(1,000원)",2+1
나무야키친타월150매*4롤,"9,200 원","(4,600원)",1+1
사조)살코기참치150G,"4,300 원","(2,867원)",2+1
오뚜기)직화닭발150G,"9,500 원","(6,333원)",2+1
몬트락)그릴후랑크(오리진)150G,"4,900 원","(2,450원)",1+1
몬트락)그릴부어스트(매콤)150G,"4,900 원","(2,450원)",1+1
유어스)망원동식고추떡갈비150G,"3,900 원","(2,600원)",2+1
반찬단지)홍어회무침150G,"8,900 원","(4,450원)",1+1
토마토미트볼150G,"3,500 원","(2,333원)",2+1
함박스테이크150G,"3,500 원","(2,333원)",2+1
치즈함박스테이크150G,"3,500 원","(2,333원)",2+1
폰타나)로제파스타소스150G[D2],"4,100 원","(2,733원)",2+1
폰타나뽀모도로파스타소스150GD2,"4,100 원","(2,733원)",2+1
서주)우유콘150ML,"2,200 원","(1,467원)",2+1
서울)듀오안사과150ML,"2,000 원","(1,000원)",1+1
영진)구론산스파클링150ML,"1,200 원",(800원),2+1
서주)랄라콘블루베리&쿠키150ML,"2,200 원","(1,467원)",2+1
영진)구론산바몬드오리지날150ML,"1,200 원",(800원),2+1
스너글)멜로우선샤인150ML,"6,000 원","(3,000원)",1+1
스너글)허거블선샤인150ML,"6,000 원","(3,000원)",1+1
스너글)블루스파클플러스150ML,"6,000 원","(3,000원)",1+1
스너글)섬유탈취제코튼향150ML,"6,000 원","(3,000원)",1+1
스너글)섬유탈취제시트러스150ML,"6,000 원","(3,000원)",1+1
사몬타나)텐덤젤라또150ML,"4,200 원","(2,100원)",1+1
쿠캣)공화춘직화무뼈닭발153G,"8,900 원","(5,933원)",2+1
삼양)불닭납작당면155G,"3,500 원","(2,333원)",2+1
삼양)마라불닭납작당면155G,"3,500 원","(2,333원)",2+1
모나미)부드러운풀15G,800 원,(400원),1+1
훼밀리)멜로팝화이트15G,"1,800 원","(1,200원)",2+1
훼밀리)멜로팝레인보우15G,"1,800 원","(1,200원)",2+1
고소한볶은서리태15G,"1,400 원",(700원),1+1
꿀에빠진도라지말랭이15G,"2,500 원","(1,250원)",1+1
광동)옥수수수염차1.5L,"3,000 원","(2,000원)",2+1
광동)진한헛개차1.5L,"3,000 원","(2,000원)",2+1
쟈뎅)청보리차1.5L,"3,400 원","(1,700원)",1+1
하이트)블랙보리1.5L,"3,000 원","(1,500원)",1+1
슈가버블)프레시버블1.5L,"11,900 원","(5,950원)",1+1
대상)안주야매운곱창볶음160G,"8,900 원","(5,933원)",2+1
대진)구워먹는마시멜로우160G,"3,000 원","(1,500원)",1+1
대상)안주야양념벌집껍데기160G,"7,900 원","(5,267원)",2+1
아워홈)매콤오돌뼈160G,"9,500 원","(6,333원)",2+1
롯데)숙취해소깨수깡160ML,"5,000 원","(2,500원)",1+1
크라운)산도(딸기)161G,"2,500 원","(1,667원)",2+1
크라운)산도(크림)161G,"2,500 원","(1,667원)",2+1
해태)맛동산165G,"3,200 원","(2,133원)",2+1
피죤)고농축유연제써니가든1.6L,"12,900 원","(6,450원)",1+1
피죤)섬유유연제핑크로즈1.6L,"6,200 원","(3,100원)",1+1
쏘피)순한면대형16P,"9,400 원","(4,700원)",1+1
쏘피)볼록맞춤대형16P,"8,500 원","(4,250원)",1+1
쏘피)볼록맞춤중형16P,"7,600 원","(3,800원)",1+1
건강한)순수한면중형16P,"8,900 원","(4,450원)",1+1
화이트)수퍼흡수대형16P,"9,700 원","(4,850원)",1+1
순수한면)제로중형16P,"8,500 원","(4,250원)",1+1
디어스킨)에어엠보중16P,"8,100 원","(4,050원)",1+1
순수한면)제로영중형16P,"8,900 원","(4,450원)",1+1
좋은느낌)좋은순면울날대16P,"10,400 원","(5,200원)",1+1
좋은느낌)에어핏쿠션울날대16P,"9,900 원","(4,950원)",1+1
샘표)비프키마커리170G,"4,750 원","(2,375원)",1+1
샘표)게살푸팟퐁커리170G,"4,750 원","(2,375원)",1+1
샘표)옐로마살라커리170G,"4,750 원","(2,375원)",1+1
샘표)치킨마크니커리170G,"4,750 원","(2,375원)",1+1
샘표)스파이시마살라커리170G,"4,750 원","(2,375원)",1+1
해찬들)사계절쌈장170G,"2,300 원","(1,533원)",2+1
반찬단지)명태회무침170G,"8,900 원","(4,450원)",1+1
흥선)간개무량170ML,"5,000 원","(2,500원)",1+1
칠갑)짬뽕수제비176G,"3,900 원","(2,600원)",2+1
동원)양반전통김17G,"1,800 원","(1,200원)",2+1
슈가버블)베이직세탁세제1.7L,"9,900 원","(4,950원)",1+1
한강공원)천연펄프물티슈180매,"5,900 원","(2,950원)",1+1
켈로그)베리앤넛에너지바1800,"1,800 원",(900원),1+1
쿠캣)뿌먹호떡180G,"3,900 원","(2,600원)",2+1
롯데)김치롤만두180G,"3,900 원","(2,600원)",2+1
롯데)쫄깃롤만두180G,"3,900 원","(2,600원)",2+1
쿠캣)실비김치전180G,"5,400 원","(3,600원)",2+1
쿠캣)팥들었슈붕어빵180G,"3,900 원","(2,600원)",2+1
하림)푸디버디소고기뭇국180G,"4,400 원","(2,933원)",2+1
농심)하우스카리야포크카레180G,"3,500 원","(2,333원)",2+1
하림)푸디버디소고기미역국180G,"4,400 원","(2,933원)",2+1
오뚜기)순후추치킨180G,"5,600 원","(3,733원)",2+1
오뚜기)베이컨감자스프180G,"3,800 원","(1,900원)",1+1
오뚜기)양송이크림스프180G,"3,800 원","(1,900원)",1+1
폰타나)머쉬룸크림수프180G,"3,800 원","(1,900원)",1+1
폰타나)로스티드비프수프180G,"3,800 원","(1,900원)",1+1
폰타나)스위트콘크림수프180G,"3,800 원","(1,900원)",1+1
폰타나)포테이토치즈수프180G,"3,800 원","(1,900원)",1+1
오뚜기)오즈키친치킨마살라180G,"4,800 원","(2,400원)",1+1
오뚜기)오즈키친푸팟퐁카레180G,"4,800 원","(2,400원)",1+1
풀무원)이슬만두부추새송이180G,"4,500 원","(3,000원)",2+1
풀무원)이슬만두직화불고기180G,"4,500 원","(3,000원)",2+1
볼케이노훈제족발180G,"8,900 원","(5,933원)",2+1
클램차우더스프180G(냉장),"3,200 원","(1,600원)",1+1
양송이스프180G(냉장),"3,200 원","(1,600원)",1+1
짱구)초코비초코우유180ML,"1,400 원",(933원),2+1
빙그레)오프룻딸기&알로에180ML,"2,400 원","(1,600원)",2+1
빙그레)오프룻복숭아180ML,"2,400 원","(1,600원)",2+1
크리넥스)클래식소프트180매X3입,"16,800 원","(8,400원)",1+1
빙그레)통모짜스트링치즈18G,"1,500 원","(1,000원)",2+1
쏘피)순한면중형18P,"9,400 원","(4,700원)",1+1
템포)내추럴라이너롱18P,"4,000 원","(2,000원)",1+1
쏘피)유기농무표백라이너롱18P,"5,500 원","(3,667원)",2+1
건강한)순수한면소형18P,"8,900 원","(4,450원)",1+1
화이트)수퍼흡수중형18P,"9,700 원","(4,850원)",1+1
좋은느낌)순면라이너18P,"4,400 원","(2,933원)",2+1
좋은느낌)울트라날개중18P,"9,900 원","(4,950원)",1+1
좋은느낌)좋은순면울날중18P,"10,400 원","(5,200원)",1+1
정식품)베지밀고단백검은콩병190,"2,300 원","(1,533원)",2+1
매일)검은콩두유190ML,"1,300 원",(867원),2+1
매일)두유식이섬유190ML,"1,300 원",(867원),2+1
매일)셀렉스프로틴음료190ML,"2,500 원","(1,667원)",2+1
매일)아몬드브리즈초코190ML,"1,500 원","(1,000원)",2+1
남양)아몬드데이언스위트190ML,"1,500 원",(750원),1+1
남양)아몬드데이오리지널190ML,"1,500 원",(750원),1+1
매일)과일야채샐러드레드190ML,"2,300 원","(1,533원)",2+1
매일)과일야채샐러드퍼플190ML,"2,300 원","(1,533원)",2+1
매일)아몬드브리즈프로틴190ML,"1,500 원","(1,000원)",2+1
매일)아몬드브리즈언스위트190ML,"1,300 원",(867원),2+1
매일)아몬드브리즈오리지널190ML,"1,300 원",(867원),2+1
매일)어메이징오트언스위트190ML,"1,500 원","(1,000원)",2+1
매일)어메이징오트오리지널190ML,"1,500 원","(1,000원)",2+1
빙그레)식물성바유190ML,"1,500 원","(1,000원)",2+1
유어스)춘식이복숭아190ML,"1,800 원","(1,200원)",2+1
유어스)춘식이청포도190ML,"1,800 원","(1,200원)",2+1
유어스)피크닉컵사과190ML,"1,800 원","(1,200원)",2+1
정식품)베지밀검은콩팩190ML,"1,400 원",(933원),2+1
포켓몬)나옹의초코우유190ML,"1,400 원",(933원),2+1
정식품)아몬드호두두유병190ML,"2,000 원","(1,333원)",2+1
포켓몬)피카츄의바나나우유190ML,"1,400 원",(933원),2+1
베지밀고단백두유검은콩팩190ML,"1,600 원","(1,067원)",2+1
본고장)어묵우동195G,"3,700 원","(2,467원)",2+1
삼립)크래프트감자스프198G,"4,500 원","(2,250원)",1+1
삼립)크래프트양송이스프198G,"4,500 원","(2,250원)",1+1
19) NAVIYA)콘돔나선형3P,"5,500 원","(3,667원)",2+1
19)NAVIYA)콘돔돌출형3P,"5,500 원","(3,667원)",2+1
거산)한입꿀밤고구마(1KG/봉),"8,500 원","(4,250원)",1+1
피죤)액츠프리미엄젤1L,"10,900 원","(5,450원)",1+1
피죤)고농축미스틱레인1L,"11,900 원","(5,950원)",1+1
피죤)고농축보타닉애플밤1L,"12,900 원","(6,450원)",1+1
피죤)고농축보타닉1L자몽프레시,"12,900 원","(6,450원)",1+1
샤프란)핑크센세이션1L,"4,300 원","(2,867원)",2+1
빙그레)아카페라헤이즐넛1L,"4,200 원","(2,800원)",2+1
아우라)딥센트스윗만다린1L,"12,900 원","(6,450원)",1+1
빙그레)아카페라아메리카노1L,"4,200 원","(2,800원)",2+1
다우니)섬유유연제향균플러스1L,"15,400 원","(7,700원)",1+1
아우라)생화캡슐1L(자스민),"12,900 원","(6,450원)",1+1
다우니)세탁세제1L(실내건조),"21,500 원","(10,750원)",1+1
아우라)생화캡슐1L(프레시릴리),"12,900 원","(6,450원)",1+1
메디안)듀얼이펙션칫솔1P,"2,200 원","(1,100원)",1+1
메디힐)워터마이드마스크팩1P,"2,000 원","(1,000원)",1+1
메디힐)티트리에센셜마스크1P,"2,000 원","(1,000원)",1+1
가그린)스탠다드와이드미세모1P,"2,500 원","(1,250원)",1+1
스마일)얼리체크임신테스터기1P,"6,000 원","(4,000원)",2+1
미성)망고푸딩(2입),"2,500 원","(1,667원)",2+1
미성)트로피칼푸딩(2입),"2,500 원","(1,667원)",2+1
제주)화산석구운계란2입,"2,200 원","(1,467원)",2+1
쿠캣)복숭아쏙찹쌀떡2입,"3,700 원","(2,467원)",2+1
행복담기)빅츄리2입,"2,200 원","(1,467원)",2+1
맥심)슈프림골드믹스20입,"5,500 원","(3,667원)",2+1
샤프란)아로마시트섬유유연제20,"7,300 원","(3,650원)",1+1
노티드)크리넥스에코물티슈20매,"2,400 원","(1,200원)",1+1
유어스)보솜이물티슈20매,"2,000 원","(1,333원)",2+1
네이즈)노블물티슈20매(캡),"2,500 원","(1,250원)",1+1
청우)참깨스틱2000,"2,000 원","(1,333원)",2+1
오레오)민트초코(지함)2000,"2,000 원","(1,333원)",2+1
오레오)시나몬번(지함)2000,"2,000 원","(1,333원)",2+1
오레오)초코크림(지함)2000,"2,000 원","(1,333원)",2+1
크라운)땅콩카라멜2000,"2,000 원","(1,333원)",2+1
오레오)화이트크림(지함)2000,"2,000 원","(1,333원)",2+1
동원)리챔200G,"6,200 원","(4,133원)",2+1
삼양)불닭소스200G,"5,000 원","(3,333원)",2+1
하림)애견사료(소고기)200G,"5,300 원","(3,533원)",2+1
동원)리챔더블라이트200G,"6,200 원","(4,133원)",2+1
오가)히말라야핑크바디워시200G,"5,500 원","(2,750원)",1+1
오뚜기)칠리새우200G,"9,500 원","(6,333원)",2+1
본고장)김치쏭쏭우동200G,"3,900 원","(2,600원)",2+1
동원)트러플리챔200G[D2],"6,200 원","(4,133원)",2+1
동원)매운리챔200G[D2],"6,200 원","(4,133원)",2+1
엘)프로틴트리트먼트200ML,"12,900 원","(6,450원)",1+1
남양)과수원사과200ML,"1,600 원",(800원),1+1
태항)푸쉬푸쉬워터200ML,"1,500 원","(1,000원)",2+1
농심)카프리썬오렌지200ML,"1,100 원",(733원),2+1
스너글)섬유유연제200ML(코튼향),"5,000 원","(2,500원)",1+1
오트사이드)초코200ML,"1,500 원","(1,000원)",2+1
오트사이드)커피200ML,"1,900 원","(1,267원)",2+1
오트사이드)오리지널200ML,"1,500 원","(1,000원)",2+1
덴탈크리닉2080치솔,"2,800 원","(1,400원)",1+1
덴탈크리닉2080치약125G,"4,000 원","(2,000원)",1+1
2080)바이오유산균요거민트125G,"3,900 원","(1,950원)",1+1
애경)2080진지발리스K치약120G,"3,900 원","(1,950원)",1+1
네스카페)수프리모골드20입[D2],"5,300 원","(3,533원)",2+1
네스카페)수프리모믹스20입[D2],"5,300 원","(3,533원)",2+1
봄날)소소한입20G(군고구마),"1,500 원","(1,000원)",2+1
봄날)소소한입20G(자색군고구마),"1,500 원","(1,000원)",2+1
봄날)소소한입20G(치즈군고구마),"1,500 원","(1,000원)",2+1
스팍스)팝핑캔디20G,"1,800 원","(1,200원)",2+1
덴마크)인포켓치즈20G,"1,700 원","(1,133원)",2+1
덴마크)인포켓치즈라이트20G,"1,700 원","(1,133원)",2+1
빙그레)프로틴스트링치즈20G,"1,500 원","(1,000원)",2+1
인네이쳐)동결건조열빙어20G,"5,000 원","(3,333원)",2+1
쏘피)유기농무표백라이너일반20P,"5,500 원","(3,667원)",2+1
남양)프렌치카페카페믹스20T,"4,900 원","(3,267원)",2+1
샤프란핑크센세이션2100ML,"6,900 원","(3,450원)",1+1
다논)액티비아업딸기210ML,"2,200 원","(1,100원)",1+1
다논)액티비아업복숭아210ML,"2,200 원","(1,100원)",1+1
다논)액티비아업플레인210ML,"2,200 원","(1,100원)",1+1
서울)아침에주스오렌지210ML,"2,000 원","(1,333원)",2+1
빙그레)프로틴플레인210ML,"3,800 원","(1,900원)",1+1
빙그레)프로틴딸기바나나210ML,"3,800 원","(1,900원)",1+1
유어스)어드밴스그랜드치약220G,"5,500 원","(2,750원)",1+1
매일)카페라떼마일드220ML,"2,100 원","(1,400원)",2+1
매일)카페라떼카라멜220ML,"2,100 원","(1,400원)",2+1
정화)맥반석오징어22G,"4,200 원","(2,800원)",2+1
정화)해오징어버터구이22G,"4,200 원","(2,800원)",2+1
피죤)액츠실내건조 2.2.L(겸용),"17,900 원","(8,950원)",1+1
켈로그)첵스초코230G,"4,000 원","(2,667원)",2+1
오뚜기)새우볶음밥230G,"4,500 원","(3,000원)",2+1
켈로그)콘푸로스트230G,"3,500 원","(2,333원)",2+1
오뚜기)진라면볶음밥230G,"4,500 원","(3,000원)",2+1
오뚜기)참치김치치즈볶음밥230G,"4,500 원","(3,000원)",2+1
미미네국물떡볶이230G,"3,500 원","(2,333원)",2+1
빙그레)따옴사과주스235ML,"2,400 원","(1,600원)",2+1
빙그레)따옴오렌지주스235ML,"2,400 원","(1,600원)",2+1
빙그레)따옴한라봉청귤235ML,"2,400 원","(1,600원)",2+1
토하토)포켓몬스터23G,"2,500 원","(1,667원)",2+1
동서)마스터스위트아메리카노240,"1,300 원",(867원),2+1
롯데)가나밀크2400,"2,400 원","(1,600원)",2+1
롯데)가나마일드2400,"2,400 원","(1,600원)",2+1
심플리쿡)고기&찰순대240G,"5,900 원","(3,933원)",2+1
동서)마스터카페라떼240ML,"1,300 원",(867원),2+1
동아)데자와밀크티캔240ML,"1,600 원","(1,067원)",2+1
동서)마스터오리지날블랙240ML,"1,300 원",(867원),2+1
문호리팥죽)팥칼빙수240ML,"3,500 원","(2,333원)",2+1
동아)나랑드사이다제로245ML,"1,400 원",(933원),2+1
동아)나랑드파인애플캔245ML,"1,400 원",(933원),2+1
동아)나랑드사이다그린애플245ML,"1,400 원",(933원),2+1
제니코)스트링치즈24G,"1,700 원","(1,133원)",2+1
피죤)건조기시트25매미스틱레인,"8,900 원","(4,450원)",1+1
매일)바리스타에스프레소라떼250,"2,600 원","(1,733원)",2+1
덴마크)얼라이브머스캣청포도250,"1,700 원","(1,133원)",2+1
덴마크)얼라이브블러드오렌지250,"1,700 원","(1,133원)",2+1
스위트)트롤리키스젤리2500,"2,500 원","(1,667원)",2+1
트롤리애플링스2500,"2,500 원","(1,667원)",2+1
트롤리피치링스2500,"2,500 원","(1,667원)",2+1
트롤리캔디바나나2500,"2,500 원","(1,667원)",2+1
트롤리트로픽오스2500,"2,500 원","(1,667원)",2+1
트롤리사우어옥토퍼스2500,"2,500 원","(1,667원)",2+1
트롤리퍼니벌스사우어2500,"2,500 원","(1,667원)",2+1
롯데)2%아쿠아제로500ML,"1,800 원",(900원),1+1
삼양)불닭마요소스250G,"5,000 원","(3,333원)",2+1
효성)친수와사비칠리소스250G,"4,500 원","(3,000원)",2+1
일화)맥콜250ML,"1,500 원","(1,000원)",2+1
일화)맥콜제로250ML,"1,500 원",(750원),1+1
서울)강릉커피라떼250ML,"2,700 원","(1,800원)",2+1
매일)바리스타스모키250ML,"2,600 원","(1,733원)",2+1
매일)셀렉스모카초코250ML,"2,900 원","(1,933원)",2+1
서울)강릉커피바닐라250ML,"2,700 원","(1,800원)",2+1
남양)테이크핏맥스초코250ML,"2,900 원","(1,933원)",2+1
롯데)이지프로틴시리얼250ML,"2,900 원","(1,933원)",2+1
매일)셀렉스밀크바닐라250ML,"2,900 원","(1,933원)",2+1
코카)환타오렌지슬림캔250ML,"1,400 원",(933원),2+1
남양)테이크핏맥스고구마250ML,"2,900 원","(1,933원)",2+1
남양)테이크핏맥스바나나250ML,"2,900 원","(1,933원)",2+1
롯데)이지프로틴저당초코250ML,"2,900 원","(1,933원)",2+1
매일)바리스타모카프레소250ML,"2,600 원","(1,733원)",2+1
코카)환타파인애플슬림캔250ML,"1,400 원",(933원),2+1
남양)테이크핏맥스고소한맛250ML,"2,900 원","(1,933원)",2+1
매일)바리스타카라멜프레소250ML,"2,600 원","(1,733원)",2+1
서울)강릉커피너티크림라떼250ML,"2,700 원","(1,800원)",2+1
노티드)얼그레이250ML,"3,000 원","(1,500원)",1+1
레드불)슈가프리250ML,"2,400 원","(1,200원)",1+1
노티드)아몬드초코250ML,"3,000 원","(1,500원)",1+1
노티드)크림브륄레250ML,"3,000 원","(1,500원)",1+1
빙그레)더단백딸기250ML,"2,900 원","(1,933원)",2+1
빙그레)더단백커피250ML,"2,900 원","(1,933원)",2+1
유어스)달고나라떼250ML,"2,500 원","(1,667원)",2+1
덴마크)얼라이브망고250ML,"1,700 원","(1,133원)",2+1
마이밀)퓨로틴초코맛250ML,"2,900 원","(1,933원)",2+1
빙그레)더단백카라멜250ML,"2,900 원","(1,933원)",2+1
마이밀)퓨로틴고소한맛250ML,"2,900 원","(1,933원)",2+1
빙그레)오늘의커피라떼250ML,"2,700 원","(1,350원)",1+1
빙그레)더단백드링크초코250ML,"2,900 원","(1,933원)",2+1
빙그레)오늘의커피바닐라250ML,"2,700 원","(1,350원)",1+1
덴마크)얼라이브스위티자몽250ML,"1,700 원","(1,133원)",2+1
유어스)오늘의과일야채사과250ML,"2,000 원","(1,333원)",2+1
하이뮨)프로틴밸런스액티브250ML,"3,200 원","(2,133원)",2+1
리스테린)그린티250ML,"5,000 원","(3,333원)",2+1
리스테린)쿨민트250ML,"5,000 원","(3,333원)",2+1
일일하우)오트리치250ML,"3,300 원","(1,650원)",1+1
리스테린)쿨민트마일드250ML,"5,000 원","(3,333원)",2+1
일일하우)더맛있는프로틴밀250ML,"2,600 원","(1,733원)",2+1
뉴케라시스)데미지린스250ML,"5,500 원","(2,750원)",1+1
뉴케라시스)데미지샴푸250ML,"5,500 원","(2,750원)",1+1
코카콜라제로제로250ML,"1,700 원","(1,133원)",2+1
대상)안주야먹태(군옥수수맛)25G,"5,900 원","(3,933원)",2+1
대상)안주야먹태(양념치킨맛)25G,"5,900 원","(3,933원)",2+1
정화)오징어의참맛25G,"4,700 원","(3,133원)",2+1
일신)바주카쥬시드랍팝25G,"4,000 원","(2,667원)",2+1
사조)빠삭한입먹태25G(갈릭맛),"5,900 원","(2,950원)",1+1
사조)빠삭한입먹태25G(매콤한맛),"5,900 원","(2,950원)",1+1
질러)황태스틱25G(크레이지핫),"5,900 원","(2,950원)",1+1
더납딱한오다리25G,"4,800 원","(3,200원)",2+1
더도톰한오징어25G,"4,800 원","(3,200원)",2+1
진주)더블링콰트로치즈25G(1입),"1,300 원",(650원),1+1
갸스비)셋앤킵스프레이263ML,"9,000 원","(6,000원)",2+1
리치)로제떡볶이265G,"3,500 원","(2,333원)",2+1
롯데)후레쉬민트26G,"1,200 원",(800원),2+1
롯데)스피아민트껌26G,"1,200 원",(800원),2+1
조지아)리치아로마스위트아메270,"2,400 원","(1,600원)",2+1
리치)미니오팜270G,"6,900 원","(4,600원)",2+1
조지아)리치아로마라떼270ML,"2,400 원","(1,600원)",2+1
조지아)리치아로마블랙270ML,"2,400 원","(1,600원)",2+1
덴마크)요구르트딸기275ML,"2,400 원","(1,600원)",2+1
덴마크)요구르트사과275ML,"2,400 원","(1,600원)",2+1
덴마크)요구르트복숭아275ML,"2,400 원","(1,600원)",2+1
덴마크)요구르트플레인275ML,"2,400 원","(1,600원)",2+1
덴마크)요구르트베리믹스275ML,"2,400 원","(1,600원)",2+1
덴마크)요구르트샤인머스캣275ML,"2,400 원","(1,600원)",2+1
칸타타)콜드브루블랙275ML(NB캔),"2,500 원","(1,667원)",2+1
칸타타)프리미엄라떼275ML(NB캔),"2,500 원","(1,667원)",2+1
칸타타)아메리카노275ML(NB캔),"2,500 원","(1,667원)",2+1
칸타타)흑당라떼275ML(NB캔),"2,500 원","(1,667원)",2+1
뷰센)뉴28치아미백제,"11,000 원","(5,500원)",1+1
모모)홍대쭈밥280G,"3,900 원","(1,950원)",1+1
매일)엔요280ML,"1,700 원","(1,133원)",2+1
팔도)코코뿌요복숭아280ML,"1,700 원","(1,133원)",2+1
팔도)코코뿌요애플망고280ML,"1,700 원","(1,133원)",2+1
썬키스트)모과생강280ML,"2,000 원","(1,000원)",1+1
썬키스트)허니유자280ML,"2,000 원","(1,000원)",1+1
미닛메이드)모과생강280ML,"2,000 원","(1,333원)",2+1
미닛메이드)허니유자280ML,"2,000 원","(1,333원)",2+1
쿠캣)알곤이찜285G,"7,900 원","(5,267원)",2+1
동원)양반야채죽285G,"4,500 원","(2,250원)",1+1
동원)양반참치죽285G,"4,500 원","(3,000원)",2+1
동원)양반단호박죽285G,"4,500 원","(3,000원)",2+1
동원)양반밤단팥죽285G,"4,500 원","(3,000원)",2+1
동원)양반쇠고기죽285G,"4,500 원","(3,000원)",2+1
동원)양반영양닭죽285G,"4,500 원","(2,250원)",1+1
동원)양반단호박죽285G(냉장),"4,500 원","(2,250원)",1+1
동원)양반밤단팥죽285G(냉장),"4,500 원","(3,000원)",2+1
오뚜기)전복죽285G,"4,500 원","(2,250원)",1+1
오뚜기)단호박죽285G,"4,500 원","(3,000원)",2+1
오뚜기)쇠고기죽285G,"4,500 원","(2,250원)",1+1
오뚜기)영양닭죽285G,"4,500 원","(3,000원)",2+1
오뚜기)통단팥죽285G,"4,500 원","(2,250원)",1+1
유어스)양반전복죽285G,"4,500 원","(3,000원)",2+1
동원)양반전복죽287G,"4,500 원","(3,000원)",2+1
동원)양반쇠고기죽287G,"4,500 원","(2,250원)",1+1
진주)천하장사28G,"1,300 원",(650원),1+1
쏘피)내몸에순한면라이너28P,"5,300 원","(3,533원)",2+1
농심)멘토스2IN1피치소다,"1,500 원","(1,000원)",2+1
농심)멘토스2IN1그레이프소다,"1,500 원","(1,000원)",2+1
테크2KG(리필),"13,900 원","(6,950원)",1+1
농심)백산수2L,"1,700 원","(1,133원)",2+1
리큐)베이킹구연산2L(드럼),"15,000 원","(7,500원)",1+1
리큐)베이킹구연산2L(일반),"15,000 원","(7,500원)",1+1
폰타나)머쉬룸크림수프(3입),"3,500 원","(2,333원)",2+1
질레트)일회용면도기센서3,"2,400 원","(1,600원)",2+1
유어스)세이퓨항균3색볼펜,"3,000 원","(2,000원)",2+1
좋은느낌)유기농순면뉴슬날중3,"1,800 원","(1,200원)",2+1
아리얼)립앤아이리무버패드30매,"3,900 원","(1,950원)",1+1
보솜이)펀앤플레이물티슈30매,"4,000 원","(2,000원)",1+1
유어스)타이거슈가흑당밀크티300,"2,700 원","(1,800원)",2+1
오리온)오징어땅콩3000,"3,000 원","(2,000원)",2+1
켈)크랜베리아몬드그래놀라300G,"6,800 원","(4,533원)",2+1
해태)열불날만두하지300G,"5,300 원","(3,533원)",2+1
켈로그)아몬드푸레이크300G,"6,200 원","(4,133원)",2+1
서울)딸기우유300ML,"2,000 원","(1,333원)",2+1
서울)초코우유300ML,"2,000 원","(1,333원)",2+1
서울)커피우유300ML,"2,000 원","(1,333원)",2+1
진로)토닉워터300ML,"1,600 원","(1,067원)",2+1
서울)바나나우유300ML,"2,000 원","(1,333원)",2+1
연세)감귤요거트300ML,"2,500 원","(1,250원)",1+1
연세)딸기요거트300ML,"2,500 원","(1,250원)",1+1
연세)복숭아요거트300ML,"2,500 원","(1,250원)",1+1
연세)플레인요거트300ML,"2,500 원","(1,250원)",1+1
진로)토닉워터제로300ML,"1,600 원","(1,067원)",2+1
롯데)트레비토닉워터300ML,"1,600 원",(800원),1+1
매일)우유속에코코아300ML,"1,900 원","(1,267원)",2+1
연세)블루베리요거트300ML,"2,500 원","(1,250원)",1+1
동원)쿨피스에이드자두300ML,"2,000 원","(1,333원)",2+1
매일)커피속에모카치노300ML,"1,900 원","(1,267원)",2+1
진로)토닉워터피치제로300ML,"1,600 원",(800원),1+1
동원)쿨피스에이드복숭아300ML,"2,000 원","(1,333원)",2+1
매일)우유속에딸기과즙우유300ML,"1,900 원","(1,267원)",2+1
코카)캐나다드라이토닉워터300ML,"1,600 원",(800원),1+1
할리스)카페라떼300ML,"3,000 원","(2,000원)",2+1
호우섬)로얄밀크티300ML,"2,800 원","(1,867원)",2+1
호우섬)타로밀크티300ML,"2,800 원","(1,867원)",2+1
덴마크)딸기딸기우유300ML,"2,000 원","(1,333원)",2+1
덴마크)바나바나우유300ML,"2,000 원","(1,333원)",2+1
덴마크)초코초코우유300ML,"2,000 원","(1,333원)",2+1
덴마크)커피커피우유300ML,"2,000 원","(1,333원)",2+1
빙그레)아이스티레몬300ML,"1,400 원",(700원),1+1
빙그레)아이스티복숭아300ML,"1,400 원",(700원),1+1
할리스)바닐라딜라이트300ML,"3,000 원","(2,000원)",2+1
덴마크)오리진바닐라라떼300ML,"3,200 원","(2,133원)",2+1
덴마크)오리진아메리카노300ML,"3,200 원","(2,133원)",2+1
비욘드)모이스춰바디워시300ML,"11,900 원","(5,950원)",1+1
정화)정품오징어30G,"5,600 원","(3,733원)",2+1
한성)쇠고기육포30G,"5,500 원","(3,667원)",2+1
마즈)몰티져스골드30G,"1,800 원","(1,200원)",2+1
대림)꼬꼬봉크림치즈30G,"1,600 원",(800원),1+1
마즈)이클립스워터멜론30G,"3,000 원","(2,000원)",2+1
샘표)질러직화풍비비큐30G,"4,000 원","(2,667원)",2+1
동원)상상육포페퍼앤솔트30G,"4,600 원","(3,067원)",2+1
샘표)질러부드러운우육포30G,"4,400 원","(2,933원)",2+1
해태)자유시간쿠키앤크림30G,"1,000 원",(667원),2+1
허쉬)머쉬멜로핫초코원컵30G,"1,800 원","(1,200원)",2+1
미성)마싯초콜릿슈가크런치30G,"2,500 원","(1,667원)",2+1
동원)상상육포30G(안심),"4,600 원","(3,067원)",2+1
질러)대구껍질30G(핫칠리),"4,800 원","(3,200원)",2+1
동원)상상육포30G(비프앤치즈),"4,600 원","(3,067원)",2+1
질러)대구껍질30G(사워어니언),"4,800 원","(3,200원)",2+1
질러)대구껍질30G(와사비마요),"4,800 원","(3,200원)",2+1
켈로그)다크초코&씨솔트30G,"1,800 원",(900원),1+1
포스트)오곡코코볼컵30G,"1,900 원","(1,267원)",2+1
포스트)오레오오즈컵30G,"1,900 원","(1,267원)",2+1
포스트)콘푸라이트컵30G,"1,900 원","(1,267원)",2+1
코주부)오리지날우육포30G,"4,400 원","(2,933원)",2+1
먹태를찍먹30G,"6,900 원","(3,450원)",1+1
먹태랑오징어30G,"6,900 원","(3,450원)",1+1
짱구오징어30G(마라맛),"5,900 원","(3,933원)",2+1
짱구오징어30G(떡볶이맛),"5,900 원","(3,933원)",2+1
크리넥스3겹데코(12롤*35M),"28,800 원","(14,400원)",1+1
크리넥스)안심3겹키친타월150*2R,"9,400 원","(4,700원)",1+1
칠갑)차돌박이쌀국수315G,"4,500 원","(3,000원)",2+1
하림)더미식육즙새우교자315G,"7,000 원","(4,667원)",2+1
남양)프렌치바닐라라떼320ML,"3,200 원","(2,133원)",2+1
남양)프렌치슈크림라떼320ML,"3,200 원","(2,133원)",2+1
남양)프렌치아몬드라떼320ML,"3,200 원","(2,133원)",2+1
남양)프렌치에스프레소320ML,"3,200 원","(2,133원)",2+1
죠스떡볶이323G,"3,800 원","(2,533원)",2+1
매일)바리스타플라넬드립라떼325,"3,000 원","(2,000원)",2+1
유어스)나무야천연3겹25M30롤,"33,800 원","(16,900원)",1+1
싱하)소다워터325ML,"1,500 원","(1,000원)",2+1
웅진)하늘보리325ML,"1,400 원",(933원),2+1
매일)바리스타돌체라떼325ML,"3,000 원","(2,000원)",2+1
매일)바리스타쇼콜라모카325ML,"3,000 원","(2,000원)",2+1
매일)바리스타바닐라빈라떼325ML,"3,000 원","(2,000원)",2+1
매일)바리스타콜드브루블랙325ML,"3,000 원","(2,000원)",2+1
일신)바주카빅보틀팝32G,"3,000 원","(2,000원)",2+1
베리베리스트로베리초코볼32G,"2,000 원","(1,333원)",2+1
매일)셀렉스프로핏아메리카노330,"3,300 원","(2,200원)",2+1
싱하)레몬소다제로330ML,"1,800 원","(1,200원)",2+1
싱하)유자소다제로330ML,"1,800 원","(1,200원)",2+1
매일)셀렉스프로핏드링크330ML,"3,300 원","(2,200원)",2+1
매일)셀렉스프로핏복숭아330ML,"3,300 원","(2,200원)",2+1
유어스)하늘가득사과330ML,"2,100 원","(1,400원)",2+1
유어스)하늘가득자몽330ML,"2,100 원","(1,400원)",2+1
유어스)하늘가득한라봉330ML,"2,100 원","(1,400원)",2+1
유어스)하늘가득유자레몬330ML,"2,100 원","(1,400원)",2+1
동서)포스트오곡코코볼바33G,"1,600 원","(1,067원)",2+1
오리온)오!현미아몬드340G,"6,000 원","(4,000원)",2+1
유어스)스위트콘340G,"3,000 원","(2,000원)",2+1
롯데)밀키스캔340ML,"1,700 원",(850원),1+1
동원)쿨피스톡제로복숭아340ML,"2,000 원","(1,000원)",1+1
동원)쿨피스톡제로파인애플340ML,"2,000 원","(1,000원)",1+1
유어스)싱그런복숭아340ML,"1,700 원","(1,133원)",2+1
유어스)싱그런청포도340ML,"1,700 원","(1,133원)",2+1
유어스)싱그런제주감귤340ML,"1,700 원","(1,133원)",2+1
코카)암바사345ML,"1,500 원","(1,000원)",2+1
동아)나랑드사이다제로345ML,"1,700 원",(850원),1+1
마즈)이클립스피치34G,"3,000 원","(2,000원)",2+1
마즈)이클립스페퍼민트34G,"3,000 원","(2,000원)",2+1
마즈)이클립스스트로베리34G,"3,000 원","(2,000원)",2+1
마즈)이클립스스피어민트34G,"3,000 원","(2,000원)",2+1
슈가로로)스파클링복숭아350,"1,800 원",(900원),1+1
슈가로로)스파클링샤인머스캣350,"1,800 원",(900원),1+1
천지개벽)샤인머스캣스파클링350,"1,500 원","(1,000원)",2+1
생미쉘)마들렌(봉지)3500,"3,500 원","(2,333원)",2+1
생미쉘)초코칩마들렌(봉지)3500,"3,500 원","(2,333원)",2+1
하림)더미식닭곰탕350G,"6,500 원","(4,333원)",2+1
하림)더미식설렁탕350G,"5,500 원","(3,667원)",2+1
하림)더미식차돌육개장350G,"6,500 원","(4,333원)",2+1
하림)더미식김치콩나물국350G,"4,500 원","(3,000원)",2+1
하림)더미식소고기미역국350G,"5,500 원","(3,667원)",2+1
하림)더미식소고기육개장350G,"6,500 원","(4,333원)",2+1
하림)더미식시래기된장국350G,"4,500 원","(3,000원)",2+1
하림)더미식우렁된장찌개350G,"6,500 원","(4,333원)",2+1
하림)더미식육즙고기교자350G,"6,000 원","(4,000원)",2+1
하림)더미식육즙김치교자350G,"6,000 원","(4,000원)",2+1
하림)더미식황태콩나물국350G,"4,500 원","(3,000원)",2+1
포스트)크랜베리그래놀라350G,"7,600 원","(5,067원)",2+1
일화)천연사이다350ML,"1,300 원",(867원),2+1
현대)미에로화이바350ML,"1,900 원","(1,267원)",2+1
코카)씨그램라임탄산수350ML,"1,500 원","(1,000원)",2+1
코카)씨그램레몬탄산수350ML,"1,500 원","(1,000원)",2+1
코카)씨그램피치탄산수350ML,"1,500 원","(1,000원)",2+1
랩노쉬)프로틴드링크딸기350ML,"3,500 원","(2,333원)",2+1
랩노쉬)프로틴드링크라떼350ML,"3,500 원","(2,333원)",2+1
랩노쉬)프로틴드링크바나나350ML,"3,500 원","(2,333원)",2+1
랩노쉬)프로틴드링크카카오350ML,"3,500 원","(2,333원)",2+1
미닛메이드)오렌지350ML,"1,950 원","(1,300원)",2+1
미닛메이드)레몬에이드350ML,"1,900 원","(1,267원)",2+1
미닛메이드)레몬에이드제로350ML,"1,900 원","(1,267원)",2+1
코리안좀비)에너지드링크망고355,"2,200 원","(1,100원)",1+1
코리안좀비)에너지드링크멜론355,"2,200 원","(1,100원)",1+1
롯데)펩시콜라캔355ML,"1,900 원","(1,267원)",2+1
롯데)칠성사이다캔355ML,"1,900 원",(950원),1+1
코카)스프라이트캔355ML,"1,700 원","(1,133원)",2+1
코카)환타제로파인355ML,"1,500 원","(1,000원)",2+1
롯데)펩시제로라임캔355ML,"1,900 원","(1,267원)",2+1
롯데)핫식스더킹러쉬355ML,"2,200 원","(1,467원)",2+1
롯데)핫식스더킹제로355ML,"2,200 원","(1,467원)",2+1
롯데)핫식스더킹파워355ML,"2,200 원","(1,467원)",2+1
롯데)핫식스더킹포스355ML,"2,200 원","(1,467원)",2+1
롯데)칠성사이다제로캔355ML,"1,900 원",(950원),1+1
코카)스프라이트제로캔355ML,"1,700 원","(1,133원)",2+1
농심)웰치스포도제로탄산355ML,"1,400 원",(933원),2+1
롯데)핫식스더킹그레이프355ML,"2,200 원","(1,467원)",2+1
농심)웰치스오렌지제로탄산355ML,"1,400 원",(933원),2+1
롯데)핫식스더킹크러쉬피치355ML,"2,200 원","(1,467원)",2+1
레드불)에너지드링크355ML,"3,200 원","(2,133원)",2+1
천지개벽)한라봉스파클링355ML,"1,500 원","(1,000원)",2+1
동서)포스트콘푸라이트바35G,"1,600 원","(1,067원)",2+1
오늘의)매콤시즈닝먹태35G,"5,300 원","(3,533원)",2+1
타블론밀크초콜릿35G,"1,700 원","(1,133원)",2+1
하기스)퓨어손얼굴물티슈캡36매,"4,800 원","(2,400원)",1+1
대림)우리쌀어묵탕360G(황태),"4,900 원","(2,450원)",1+1
미성)실카크리스피초콜릿36G,"1,200 원",(600원),1+1
페브리즈)포맨370ML,"10,800 원","(5,400원)",1+1
페브리즈)상쾌한향370ML,"9,800 원","(4,900원)",1+1
해태)고향만두378G,"5,300 원","(3,533원)",2+1
가그린)제로380ML,"5,500 원","(3,667원)",2+1
가그린)오리지널380ML,"5,500 원","(3,667원)",2+1
칠갑)우리쌀가래떡떡볶이385G,"5,980 원","(3,987원)",2+1
미성)허쉬다크(석류맛)38G,"1,800 원",(900원),1+1
미성)허쉬다크(블루베리맛)38G,"1,800 원",(900원),1+1
미성)실카아몬드초콜릿38G,"1,200 원",(600원),1+1
폰타나)스위트콘수프(3입)[D2],"3,500 원","(2,333원)",2+1
쏘피)순한면슈퍼롱3P,"4,200 원","(2,100원)",1+1
좋은느낌)입는오버나이트3P,"9,100 원","(4,550원)",1+1
좋은느낌)유기농무표백수퍼롱3P,"4,800 원","(2,400원)",1+1
예지미인)오가닛대형3P(몰랑이),"2,400 원","(1,200원)",1+1
예지미인)오가닛중형3P(몰랑이),"2,400 원","(1,200원)",1+1
롯데)꼬깔치토4번들,"4,400 원","(2,933원)",2+1
롯데)꼬깔콘4번들,"4,400 원","(2,933원)",2+1
산리오)레인보우4색볼펜시나모,"4,000 원","(2,667원)",2+1
산리오)레인보우4색볼펜쿠로미,"4,000 원","(2,667원)",2+1
산리오)레인보우4색볼펜포차코,"4,000 원","(2,667원)",2+1
산리오)레인보우4색볼펜마이멜로,"4,000 원","(2,667원)",2+1
산리오)레인보우4색볼펜폼폼푸린,"4,000 원","(2,667원)",2+1
산리오)레인보우4색볼펜헬로키티,"4,000 원","(2,667원)",2+1
덴마크)테이크얼라이브제로톡400,"2,500 원","(1,250원)",1+1
롯데)델몬트알로에400ML,"2,200 원","(1,467원)",2+1
롯데)델몬트오렌지400ML,"2,200 원","(1,467원)",2+1
동아)나랑드화이트콤부차400ML,"2,500 원","(1,250원)",1+1
롯데)델몬트스테비아토마토400ML,"2,200 원","(1,467원)",2+1
엘라스틴)퍼퓸러브미샴푸400ML,"11,900 원","(5,950원)",1+1
청정)하루단백(초코케이크맛)40G,"1,800 원","(1,200원)",2+1
서주)문파워젤리40G,"2,000 원","(1,333원)",2+1
서주)후르츄사과40G,"1,500 원","(1,000원)",2+1
서주)후르츄젤리40G,"1,500 원","(1,000원)",2+1
허쉬)밀크초콜릿40G,"1,600 원","(1,067원)",2+1
대상)안주야꾸이(아몬드맛)40G,"5,900 원","(3,933원)",2+1
바프)마늘빵아몬드40G,"2,200 원","(1,467원)",2+1
바프)인절미아몬드40G,"2,200 원","(1,467원)",2+1
서주)탱글탱글딸기40G,"2,500 원","(1,667원)",2+1
허쉬)아몬드초콜릿40G,"1,600 원","(1,067원)",2+1
동원)상상육포클래식40G,"5,900 원","(3,933원)",2+1
마즈)스키틀즈사우워40G,"1,500 원","(1,000원)",2+1
바프)와사비맛아몬드40G,"2,200 원","(1,467원)",2+1
바프)허니버터아몬드40G,"2,200 원","(1,467원)",2+1
바프)군옥수수맛아몬드40G,"2,200 원","(1,467원)",2+1
허쉬)쿠키앤초코초콜릿40G,"1,600 원","(1,067원)",2+1
허쉬)쿠키앤크림초콜릿40G,"1,600 원","(1,067원)",2+1
마즈)스키틀즈와일드베리40G,"1,500 원","(1,000원)",2+1
바프)카라멜솔티드아몬드40G,"2,200 원","(1,467원)",2+1
롯데)이지프로틴멀티단백질바40G,"2,000 원","(1,333원)",2+1
서주)마로마로요구르트소다맛40G,"2,000 원","(1,333원)",2+1
청정)하루단백40G(시나몬츄러스),"1,800 원","(1,200원)",2+1
켈로그)헤이즐넛&다크초코40G,"2,200 원","(1,467원)",2+1
히치스)수수깡젤리40G,"2,500 원","(1,250원)",1+1
코주부)의성마늘육포40G,"4,600 원","(3,067원)",2+1
히치스)사우어수수깡젤리40G,"2,500 원","(1,250원)",1+1
히치스)머메이드수수깡젤리40G,"2,500 원","(1,250원)",1+1
세부건망고(40G),"3,500 원","(2,333원)",2+1
토픽스과즙캔디40G,"1,000 원",(667원),2+1
복태구이(40G/1미),"8,500 원","(4,250원)",1+1
화이트)애니데이무향롱40P,"8,600 원","(4,300원)",1+1
칠갑)우리쌀국물떡볶이426G(2인),"5,980 원","(3,987원)",2+1
훼밀리)레모나젤리레몬맛43G,"1,500 원","(1,000원)",2+1
마라탕446G(냉장),"5,500 원","(3,667원)",2+1
페레로)킨더부에노44G,"1,700 원","(1,133원)",2+1
오뚜기)청주식돼지김치짜글이450,"7,800 원","(5,200원)",2+1
대상)장어탕450G,"8,500 원","(4,250원)",1+1
대상)남도추어탕450G,"9,500 원","(4,750원)",1+1
대상)맑은닭곰탕450G,"5,900 원","(3,933원)",2+1
남양)테이크핏프로레몬450ML,"3,300 원","(2,200원)",2+1
남양)테이크핏프로복숭아450ML,"3,300 원","(2,200원)",2+1
동원)양반김(들기름김)4.5G,700 원,(467원),2+1
한성)일품도톰육포45G,"5,500 원","(3,667원)",2+1
마즈)스키틀즈오리지널45G,"1,500 원","(1,000원)",2+1
마즈)이클립스소프트레몬45G,"1,800 원","(1,200원)",2+1
마즈)이클립스소프트청포도45G,"1,800 원","(1,200원)",2+1
동서)포스트에너지바45G(액티브),"2,000 원","(1,333원)",2+1
로아카)밀크웨하스45G,"1,800 원","(1,200원)",2+1
로아카)치즈웨하스45G,"1,800 원","(1,200원)",2+1
로아카)바닐라웨하스45G,"1,800 원","(1,200원)",2+1
로아카)카카오웨하스45G,"1,800 원","(1,200원)",2+1
찰랑꿀맛고구마말랭이(45G/봉),"3,900 원","(2,600원)",2+1
풍원꿀맛고구마말랭이(45G/봉),"3,900 원","(2,600원)",2+1
호박꿀맛고구마말랭이(45G/봉),"3,900 원","(2,600원)",2+1
동원)양반나주식곰탕460G,"3,900 원","(1,950원)",1+1
동원)양반차돌육개장460G,"5,900 원","(2,950원)",1+1
동원)양반소고기미역국460G,"5,900 원","(2,950원)",1+1
동원)양반한우사골곰탕460G,"3,900 원","(1,950원)",1+1
빙그레)스페셜티탄자니아460ML,"2,700 원","(1,350원)",1+1
빙그레)스페셜티에티오피아460ML,"2,700 원","(1,350원)",1+1
페리오)46CM칫솔(초극세모),"3,500 원","(1,750원)",1+1
페리오)46CM치약쿨민트100G,"3,900 원","(1,950원)",1+1
조지아)라떼470ML,"2,700 원","(1,350원)",1+1
조지아)블랙470ML,"2,700 원","(1,350원)",1+1
조지아)스위트블랙470ML,"2,700 원","(1,350원)",1+1
조지아)저칼로리라떼470ML,"2,700 원","(1,350원)",1+1
조지아)콜드브루블랙470ML,"2,700 원","(1,350원)",1+1
슈가버블)주방세제라임470ML,"5,900 원","(2,950원)",1+1
벤앤)초콜릿칩쿠키도우파인트473,"14,900 원","(9,933원)",2+1
벤앤)바닐라파인트473ML,"14,900 원","(9,933원)",2+1
벤앤)하프베이크드473ML,"14,900 원","(9,933원)",2+1
벤앤)청키몽키파인트473ML,"14,900 원","(9,933원)",2+1
벤앤)커피버즈파인트473ML,"14,900 원","(9,933원)",2+1
벤앤)피넛버터버터컵473ML,"14,900 원","(9,933원)",2+1
벤앤)카라멜수트라코어473ML,"14,900 원","(9,933원)",2+1
벤앤)피넛버터퍼지코어473ML,"14,900 원","(9,933원)",2+1
벤앤)체리가르시아파인트473ML,"14,900 원","(9,933원)",2+1
벤앤)퍼지브라우니파인트473ML,"14,900 원","(9,933원)",2+1
헤일로탑)딸기파인트473ML,"13,900 원","(9,267원)",2+1
헤일로탑)초코파인트473ML,"13,900 원","(9,267원)",2+1
매일)상하목장아이스딸기474ML,"13,500 원","(9,000원)",2+1
매일)상하목장아이스밀크474ML,"13,500 원","(9,000원)",2+1
매일)상하목장아이스초콜릿474ML,"13,500 원","(9,000원)",2+1
나뚜루)눈꽃레드빈파인트474ML,"14,900 원","(9,933원)",2+1
나뚜루)체리블라썸파인트474ML,"14,900 원","(9,933원)",2+1
매일)바리스타그란데(라떼)475ML,"2,500 원","(1,667원)",2+1
매일)바리스타그란데(아메)475ML,"2,500 원","(1,667원)",2+1
엘라스틴)프로틴샴푸480ML,"12,900 원","(6,450원)",1+1
엘라스틴)프로틴볼륨샴푸480ML,"12,900 원","(6,450원)",1+1
엘라스틴)프로틴컨디셔너480ML,"12,900 원","(6,450원)",1+1
마즈)트윅스48.5G,"1,500 원","(1,000원)",2+1
흥선)동결건조캔디48G,"2,500 원","(1,667원)",2+1
매일)상하미니크림치즈48G,"2,800 원","(1,867원)",2+1
매일)상하미니칼슘체다치즈48G,"2,800 원","(1,867원)",2+1
피죤)핑크로즈490ML,"9,900 원","(4,950원)",1+1
피죤)스프레이피죤490ML(자몽),"10,900 원","(5,450원)",1+1
테크)4KG(카톤),"27,900 원","(13,950원)",1+1
라엘)유기농중형4P,"3,400 원","(2,267원)",2+1
쏘피)순한면중형4P,"2,400 원","(1,200원)",1+1
쏘피)볼록맞춤중형4P,"1,900 원",(950원),1+1
쏘피)내몸에순한면대형4P,"3,000 원","(1,500원)",1+1
쏘피)볼록맞춤안심숙면4P,"3,800 원","(1,900원)",1+1
쏘피)유기농무표백대형4P,"3,400 원","(1,700원)",1+1
쏘피)유기농무표백중형4P,"3,000 원","(1,500원)",1+1
쏘피)안심숙면팬티유기농대형4P,"10,800 원","(5,400원)",1+1
쏘피)안심숙면팬티유기농중형4P,"10,800 원","(5,400원)",1+1
쏘피)유기농중형4P(오가닉),"2,700 원","(1,350원)",1+1
좋은느낌)수퍼롱4P,"4,100 원","(2,050원)",1+1
좋은느낌)울트라날개중4P,"2,000 원","(1,000원)",1+1
좋은느낌)유기농무표백대형4P,"3,900 원","(1,950원)",1+1
좋은느낌)유기농무표백중형4P,"3,900 원","(1,950원)",1+1
디어스킨)리얼모달입는오버대4P,"11,200 원","(5,600원)",1+1
디어스킨)리얼모달입는오버중4P,"11,200 원","(5,600원)",1+1
쏘피)안심숙면팬티4P(L),"9,600 원","(4,800원)",1+1
쏘피)안심숙면팬티4P(M),"9,600 원","(4,800원)",1+1
쏘피)안심숙면팬티4P(XL),"10,900 원","(5,450원)",1+1
웰메이드)일회용마스크5매(백색),"6,500 원","(3,250원)",1+1
웰메이드)일회용마스크5매(블랙),"6,500 원","(3,250원)",1+1
맥반석구운계란(5입),"5,000 원","(3,333원)",2+1
동아)나랑드사이다그린애플500,"2,000 원","(1,333원)",2+1
동아)나랑드사이다파인애플500,"2,000 원","(1,333원)",2+1
동원)보성홍차아이스티레몬500,"2,200 원","(1,100원)",1+1
동원)보성홍차아이스티복숭아500,"2,200 원","(1,100원)",1+1
해태)봉봉아이스티제로복숭아500,"2,000 원","(1,000원)",1+1
크라운)새콤달콤(복숭아)500,500 원,(333원),2+1
오가니스트)크랜베리바디워시500,"9,900 원","(4,950원)",1+1
테이크얼라이브망고500,"2,500 원","(1,250원)",1+1
테이크얼라이브자몽500,"2,500 원","(1,250원)",1+1
테이크얼라이브샤인머스캣500,"2,500 원","(1,250원)",1+1
테이크얼라이브블러드오렌지500,"2,500 원","(1,250원)",1+1
광동)비타500제로100ML,"1,200 원",(800원),2+1
광동)비타500로열폴리스120ML,"1,500 원","(1,000원)",2+1
오뚜기)남도식한우미역국500G,"7,800 원","(3,900원)",1+1
오뚜기)양평식선지해장국500G,"7,800 원","(3,900원)",1+1
오뚜기)대구식쇠고기육개장500G,"7,800 원","(5,200원)",2+1
오뚜기)마포식차돌된장찌개500G,"7,800 원","(5,200원)",2+1
오뚜기)병천식얼큰순대국밥500G,"8,500 원","(5,667원)",2+1
오뚜기)부산식얼큰돼지국밥500G,"8,500 원","(5,667원)",2+1
슈가버블)구연산500G,"7,900 원","(3,950원)",1+1
슈가버블)과탄산소다500G,"7,900 원","(3,950원)",1+1
슈가버블)베이킹소다500G,"7,900 원","(3,950원)",1+1
불릴필요없는칼집현미500G,"4,500 원","(2,250원)",1+1
불릴필요없는칼집찰현미500G,"4,500 원","(2,250원)",1+1
일화)맥콜500ML,"2,000 원","(1,000원)",1+1
농심)백산수500ML,950 원,(633원),2+1
대상)국간장500ML,"4,900 원","(3,267원)",2+1
대상)진간장500ML,"3,370 원","(2,247원)",2+1
롯데)솔의눈500ML,"2,000 원","(1,333원)",2+1
코카)토레타500ML,"2,000 원","(1,000원)",1+1
대상)양조간장500ML,"4,730 원","(3,153원)",2+1
웅진)누룽지차500ML,"1,800 원","(1,200원)",2+1
쟈뎅)청보리차500ML,"2,000 원","(1,000원)",1+1
코카)닥터페퍼500ML,"2,100 원","(1,400원)",2+1
팔도)비락식혜500ML,"2,000 원","(1,333원)",2+1
피죤)무균무때(욕실용)500ML,"8,500 원","(4,250원)",1+1
광동)밀싹보리차500ML,"2,000 원","(1,000원)",1+1
광동)진한헛개차500ML,"2,000 원","(1,333원)",2+1
동서)마스터라떼500ML,"2,600 원","(1,300원)",1+1
동서)마스터블랙500ML,"2,600 원","(1,300원)",1+1
롯데)실론티제로500ML,"2,000 원","(1,333원)",2+1
롯데)트레비라임500ML,"1,800 원","(1,200원)",2+1
롯데)트레비레몬500ML,"1,800 원","(1,200원)",2+1
롯데)트레비자몽500ML,"1,800 원","(1,200원)",2+1
코카)토레타제로500ML,"2,000 원","(1,000원)",1+1
광동)옥수수수염차500ML,"2,000 원","(1,333원)",2+1
동서)마스터바닐라500ML,"2,600 원","(1,300원)",1+1
동원)양반오미자차500ML,"2,200 원","(1,467원)",2+1
롯데)더하다보리차500ML,"2,000 원","(1,333원)",2+1
롯데)더하다헛개차500ML,"2,000 원","(1,333원)",2+1
롯데)펩시제로라임500ML,"2,000 원","(1,000원)",1+1
링티)제로레몬라임500ML,"2,900 원","(1,450원)",1+1
링티)제로복숭아맛500ML,"2,900 원","(1,450원)",1+1
웅진)옥수수수염차500ML,"1,800 원","(1,200원)",2+1
코카)태양의마테차500ML,"1,400 원",(933원),2+1
동서)마스터헤이즐넛500ML,"2,600 원","(1,300원)",1+1
롯데)칠성사이다제로500ML,"2,200 원","(1,467원)",2+1
립톤)복숭아아이스티500ML,"1,700 원","(1,133원)",2+1
웅진)자연은말린자몽500ML,"2,500 원","(1,250원)",1+1
코카)탄산레몬에이드500ML,"1,900 원","(1,267원)",2+1
해태)평창수프리미엄500ML,"1,000 원",(667원),2+1
델픽)납작복숭아우롱티500ML,"2,200 원","(1,100원)",1+1
동아)나랑드사이다제로500ML,"2,000 원","(1,333원)",2+1
롯데)레쓰비그란데라떼500ML,"2,200 원","(1,100원)",1+1
웅진)자연은말린복숭아500ML,"2,500 원","(1,250원)",1+1
광동)아이스웨일토닉워터500ML,"2,400 원","(1,200원)",1+1
델픽)블루베리아르테미스500ML,"2,200 원","(1,100원)",1+1
동원)보성홍차샤인머스캣500ML,"2,200 원","(1,100원)",1+1
롯데)더하다옥수수수염차500ML,"2,000 원","(1,333원)",2+1
롯데)칠성사이다제로블루500ML,"2,200 원","(1,467원)",2+1
웅진)레몬셔벗에이드제로500ML,"2,500 원","(1,250원)",1+1
웅진)애플셔벗에이드제로500ML,"2,500 원","(1,250원)",1+1
웅진)티즐제로자몽블랙티500ML,"2,500 원","(1,667원)",2+1
웅진)티즐제로피치우롱티500ML,"2,500 원","(1,667원)",2+1
광동)더진한헛개차골드라벨500ML,"3,000 원","(1,500원)",1+1
동원)보성홍차아이스티애플500ML,"2,200 원","(1,100원)",1+1
롯데)레쓰비그란데헤이즐넛500ML,"2,200 원","(1,100원)",1+1
해태)봉봉아이스티제로자몽500ML,"2,000 원","(1,000원)",1+1
글라소)에너지500ML,"2,000 원","(1,333원)",2+1
글라소)파워씨500ML,"2,000 원","(1,333원)",2+1
덴마크)파인애플제로500ML,"2,500 원","(1,250원)",1+1
덴마크)프룻믹스제로500ML,"2,500 원","(1,250원)",1+1
유어스)덴마크드링킹복숭아500ML,"2,300 원","(1,150원)",1+1
칸타타)콘트라베이스블랙샷500ML,"2,700 원","(1,800원)",2+1
칸타타)콘트라베이스아몬드500ML,"2,700 원","(1,800원)",2+1
썬키스트)레몬에이드500ML,"2,500 원","(1,250원)",1+1
코카콜라제로레몬500ML,"2,300 원","(1,150원)",1+1
대림)꼬꼬봉50G,"1,800 원",(900원),1+1
동서)단백질바50G,"1,800 원","(1,200원)",2+1
해태)딸기웨하스50G,"1,000 원",(667원),2+1
해태)크림웨하스50G,"1,000 원",(667원),2+1
허쉬)초콜릿칩쿠키50G,"1,700 원","(1,133원)",2+1
흥선)앙버터카라멜50G,"2,200 원","(1,467원)",2+1
신화)대왕오징어다리50G,"6,500 원","(4,333원)",2+1
흥선)짱구빅버거젤리50G,"2,500 원","(1,667원)",2+1
롯데)제로마일드초콜릿50G,"2,500 원","(1,667원)",2+1
롯데)키스틱노가리스틱50G,"2,200 원","(1,467원)",2+1
샘표)밥도둑고추장멸치50G,"4,000 원","(2,667원)",2+1
매일)셀렉스프로틴너츠바50G,"2,000 원","(1,333원)",2+1
매일)셀렉스프로틴베리오트바50G,"2,000 원","(1,333원)",2+1
동서)포스트에너지바50G(밸런스),"2,000 원","(1,333원)",2+1
켈로그)통귀리밥50G,"2,400 원","(1,200원)",1+1
글로브)촉촉한고구마50G,"3,400 원","(2,267원)",2+1
네슬레)테이스터스초이스50G,"4,000 원","(2,667원)",2+1
로아커)크리스피다크초콜릿50G,"3,000 원","(1,500원)",1+1
로아커)크리스피밀크초콜릿50G,"3,000 원","(1,500원)",1+1
로아커)크리스피커피초콜릿50G,"3,000 원","(1,500원)",1+1
클라이덴)화이트닝치약50G,"9,900 원","(4,950원)",1+1
뉴트로지나)딥클린포밍클렌저50G,"5,000 원","(3,333원)",2+1
동원)양반김부각(김치맛)50G[D2],"4,200 원","(2,800원)",2+1
샘표)우리엄마명태채볶음50G[D2],"4,000 원","(2,667원)",2+1
마즈)스니커즈피넛싱글51G,"1,500 원","(1,000원)",2+1
하이트)블랙보리520ML,"1,800 원","(1,200원)",2+1
허쉬)키세스밀크52G,"2,100 원","(1,400원)",2+1
롯데)키세스아몬드52G,"2,100 원","(1,400원)",2+1
롯데)키세스쿠키앤크림52G,"2,100 원","(1,400원)",2+1
프링글스)오리지날53G(소),"2,000 원","(1,333원)",2+1
프링글스)매운맛53G(소),"2,000 원","(1,333원)",2+1
프링글스)양파53G(소),"2,000 원","(1,333원)",2+1
롯데)키스틱55G,"2,200 원","(1,467원)",2+1
녹차녹차돌자반55G,"3,300 원","(1,650원)",1+1
파래파래돌자반55G,"3,300 원","(1,650원)",1+1
네츄럴코어)펫도시락(애견)56G,"1,900 원","(1,267원)",2+1
동원)더바삭한양반김5G,800 원,(400원),1+1
스카트)생분해세정티슈60매,"7,500 원","(3,750원)",1+1
유어스)페퍼민트물티슈60매,"4,900 원","(2,450원)",1+1
유어스)보솜이물티슈60매(캡형),"5,700 원","(2,850원)",1+1
깨끗한나라)올그린물티슈60매캡,"5,900 원","(2,950원)",1+1
오일컨트롤필름60입,"5,000 원","(3,333원)",2+1
진로)토닉워터600ML,"2,500 원","(1,667원)",2+1
코카)파워에이드제로600ML,"2,200 원","(1,100원)",1+1
파워에이드)퍼플스톰600ML,"2,200 원","(1,100원)",1+1
롯데)펩시콜라600MLPET,"2,000 원","(1,000원)",1+1
사조)크라비아스틱60G,"2,000 원","(1,333원)",2+1
진주)천하장사치즈60G,"2,400 원","(1,600원)",2+1
삼경)카토인피넛초코바60G,"1,000 원",(500원),1+1
진주)천하장사할라피뇨&치즈60G,"2,200 원","(1,100원)",1+1
롯데)이지프로틴고단백질바60G,"3,000 원","(2,000원)",2+1
사조)크라비아스틱버터갈릭60G,"2,000 원","(1,333원)",2+1
에이스)초코퐁당도넛60G,"1,200 원",(800원),2+1
오뚜기)구수한누룽지60G,"2,600 원","(1,733원)",2+1
에이스)타이야끼60G(커스터드),"3,500 원","(1,750원)",1+1
네츄럴코어)펫도시락(애묘)60G,"1,900 원","(1,267원)",2+1
해남반시꿀고구마(60G/봉),"4,300 원","(2,867원)",2+1
태항)숙희해수60ML,"5,000 원","(2,500원)",1+1
태항)숙희해수석류&복분자60ML,"5,000 원","(2,500원)",1+1
리뉴)바이오트루여행세트60ML,"4,400 원","(2,933원)",2+1
롯데)프리미엄가나마카다미아63G,"4,500 원","(3,000원)",2+1
삼경)쯔부구미65G,"2,500 원","(1,667원)",2+1
한성)비바크비센65G,"2,200 원","(1,467원)",2+1
삼경)쯔부구미소다향65G,"2,500 원","(1,667원)",2+1
롯데)의성마늘닭가슴살프랑크65G,"2,400 원","(1,600원)",2+1
롯데)의성마늘프랑크매콤땡초65G,"2,400 원","(1,600원)",2+1
해태)바밤바65ML,"1,500 원","(1,000원)",2+1
농심)닭다리66G,"1,700 원","(1,133원)",2+1
갸스비)셋앤킵스프레이67ML,"4,400 원","(2,933원)",2+1
허쉬)너겟6P밀크,"2,600 원","(1,733원)",2+1
허쉬)너겟6P쿠앤크,"2,600 원","(1,733원)",2+1
페리오)토탈7미세모칫솔,"3,900 원","(1,950원)",1+1
오리온)비틀즈700,700 원,(467원),2+1
삼립)미니약과70G,"1,000 원",(667원),2+1
샘표)직화육포70G,"8,900 원","(5,933원)",2+1
동원)더킹랍스터70G,"2,500 원","(1,667원)",2+1
동원)더킹크랩스70G,"2,500 원","(1,667원)",2+1
동원)친친소시지70G,"1,900 원","(1,267원)",2+1
쉬바)닭고기무스70G,"2,000 원","(1,333원)",2+1
쉬바)닭고기무스(주니어)70G,"2,000 원","(1,333원)",2+1
대림)스노우크랩킹70G,"2,600 원","(1,733원)",2+1
효성)감자베이컨바70G,"3,300 원","(1,650원)",1+1
효성)야채찐어묵바70G,"2,500 원","(1,667원)",2+1
롯데)에센뽀득프랑크70G,"2,400 원","(1,600원)",2+1
롯데)의성마늘후랑크70G,"2,400 원","(1,600원)",2+1
한성)고추장직화구이70G,"1,900 원","(1,267원)",2+1
한성)바베큐직화구이70G,"1,900 원","(1,267원)",2+1
하림)돌아온매콤후랑크70G,"2,300 원","(1,150원)",1+1
한성)숯불구이맛후랑크70G,"1,900 원","(1,267원)",2+1
하림)육즙후랑크오리지널70G,"2,500 원","(1,667원)",2+1
하림)육즙후랑크체다치즈70G,"2,500 원","(1,667원)",2+1
대림)숯불구이후랑크70G(2입),"3,600 원","(2,400원)",2+1
롯데)옥동자70ML,"1,500 원","(1,000원)",2+1
롯데)옥동자딸기70ML,"1,500 원","(1,000원)",2+1
서주)피치리치바70ML,"1,500 원","(1,000원)",2+1
롯데)드림메가톤(바)70ML,"1,500 원","(1,000원)",2+1
서주)탱글탱글바리치맛70ML,"1,500 원","(1,000원)",2+1
해태)누가바도크런치초코 70ML,"1,500 원","(1,000원)",2+1
롯데푸드)아맛나70ML,"1,500 원","(1,000원)",2+1
아비노)데일리로션71ML,"7,400 원","(4,933원)",2+1
롯데)러버러버백도73G,"1,500 원","(1,000원)",2+1
롯데)러버러버골드키위73G,"1,500 원","(1,000원)",2+1
테크750G,"6,500 원","(4,333원)",2+1
피죤)퓨어주방세제750ML애플밤,"9,900 원","(4,950원)",1+1
온)핸드크림그린허브75ML,"5,900 원","(2,950원)",1+1
해태)쌍쌍바75ML,"1,500 원","(1,000원)",2+1
롯데)스크류바피치75ML,"1,500 원","(1,000원)",2+1
해태)쌍쌍바바닐라75ML,"1,500 원","(1,000원)",2+1
광동)솔표위청수골드75ML,"1,200 원",(800원),2+1
종근당)속청쿨75ML,"1,000 원",(667원),2+1
동화약품)부채표미인활액75ML,"1,200 원",(800원),2+1
해태)칼로리바란스치즈76G,"2,000 원","(1,333원)",2+1
롯데)가나다크밀크블렌드78G,"3,200 원","(2,133원)",2+1
빙그레)벨큐브플레인78G,"7,900 원","(3,950원)",1+1
바세린)립테라피코코아버터7G,"5,500 원","(3,667원)",2+1
퍼페티)멘토스과일800,800 원,(400원),1+1
퍼페티)멘토스레인보우800,800 원,(400원),1+1
조지아)크래프트블랙800ML,"3,900 원","(2,600원)",2+1
롯데)아이시스8.0(2.0L),"1,950 원","(1,300원)",2+1
롯데)아이시스8.0(500ML),"1,100 원",(733원),2+1
효성)햄어묵바80G,"2,500 원","(1,667원)",2+1
효성)땡초어묵바80G,"2,500 원","(1,667원)",2+1
효성)치즈어묵바80G,"2,500 원","(1,667원)",2+1
동원)애묘파우치(참치와연어)80G,"1,500 원","(1,000원)",2+1
존쿡)직화단짠포크80G,"2,900 원","(1,450원)",1+1
존쿡)직화청양화닭80G,"2,900 원","(1,450원)",1+1
허쉬)밀크초콜릿칩80G,"3,000 원","(2,000원)",2+1
리얼)오리지널핫도그80G,"2,500 원","(1,250원)",1+1
삼진)어부의바매운맛80G,"3,500 원","(2,333원)",2+1
삼진)어부의바야채맛80G,"3,500 원","(2,333원)",2+1
샘표)불닭볶음장조림80G,"3,400 원","(2,267원)",2+1
삼진)어부의바오징어맛80G,"3,500 원","(2,333원)",2+1
허쉬)세미스위트미니칩80G,"3,000 원","(2,000원)",2+1
사조)하우스앤펍브랏부어스트80G,"2,700 원","(1,800원)",2+1
위카)고등어와연어80G(성묘),"1,500 원","(1,000원)",2+1
위카)참치80G(고양이/자묘),"1,500 원","(1,000원)",2+1
에이스)라뽀끼80G,"1,200 원",(800원),2+1
갸스비)스파이키왁스80G,"9,800 원","(6,533원)",2+1
갸스비)울트라하드왁스80G,"9,800 원","(6,533원)",2+1
그르르)고구마치킨말이80G,"4,500 원","(3,000원)",2+1
오리온)마켓오감자톡매콤달콤80G,"1,700 원","(1,133원)",2+1
동물농장)오리목뼈80G,"4,900 원","(3,267원)",2+1
쿠캣)크림찹쌀떡80G(40G*2입),"2,900 원","(1,933원)",2+1
피죤)스프레이미스틱레인80ML,"4,200 원","(2,100원)",1+1
피죤)스프레이아이스플라워80ML,"4,200 원","(2,100원)",1+1
모구모구)리치요거트바80ML,"2,200 원","(1,100원)",1+1
하기스)퓨어클린물티슈81매(캡),"5,800 원","(2,900원)",1+1
롯데)야채크래커83G,"1,700 원","(1,133원)",2+1
피니)라즈앤드블랙베리85G,"1,800 원",(900원),1+1
머거본)푸린딸기아몬드85G,"5,900 원","(2,950원)",1+1
머거본)파이리군옥수수아몬드85G,"5,900 원","(2,950원)",1+1
머거본)피카츄허니버터아몬드85G,"5,900 원","(2,950원)",1+1
유어스)행운약과꿀바85ML,"2,000 원","(1,333원)",2+1
원피스)바닐라크림초코바85ML,"2,900 원","(1,933원)",2+1
원피스)피스타치오초코바85ML,"2,900 원","(1,933원)",2+1
쏘피)유기농대형8P,"6,000 원","(3,000원)",1+1
쏘피)유기농순면중형8P,"5,000 원","(2,500원)",1+1
순수한면)제로슈퍼롱오버8P,"9,900 원","(4,950원)",1+1
좋은느낌)유기농순면뉴수퍼롱8P,"9,900 원","(4,950원)",1+1
잘풀리는집클래식9롤,"14,500 원","(7,250원)",1+1
피니)젤리빈90G,"1,800 원",(900원),1+1
한성)크래미90G,"3,000 원","(2,000원)",2+1
대림)크라비아90G,"2,800 원","(1,867원)",2+1
피니)해피믹스90G,"1,800 원",(900원),1+1
샘표)버터장조림90G,"3,400 원","(2,267원)",2+1
피니)해피사우워믹스90G,"1,800 원",(900원),1+1
진주)천하장사대파후랑크90G,"2,700 원","(1,800원)",2+1
동원)맛참90G(고소참기름),"3,300 원","(2,200원)",2+1
동원)맛참90G(매콤참기름),"3,300 원","(2,200원)",2+1
진주햄)천하장사칠리치즈90G,"2,700 원","(1,800원)",2+1
어바웃펫)근본애묘무스90G(연어),"2,000 원","(1,000원)",1+1
어바웃펫)근본애묘무스90G(참치),"2,000 원","(1,000원)",1+1
어바웃펫)근본애묘무스90G(치킨),"2,000 원","(1,000원)",1+1
맛진미채90G(냉장),"7,500 원","(5,000원)",2+1
짱구)짱구딸기바90ML,"2,000 원","(1,333원)",2+1
짱구)짱구초코바90ML,"2,000 원","(1,333원)",2+1
유시몰)무알콜가글제로90ML,"3,900 원","(1,950원)",1+1
크리넥스)수앤수물티슈96매(캡),"6,100 원","(3,050원)",1+1
일신)쥬시드롭구미디퍼즈96G,"5,000 원","(3,333원)",2+1
롯데)로스팜97%200G,"6,200 원","(3,100원)",1+1
매일)99.89두유190ML,"1,300 원",(867원),2+1
갓생)A5노트,"3,000 원","(1,500원)",1+1
벡셀)고성능알카라인AA2입,"4,800 원","(3,200원)",2+1
에너자이저)알카라인AA2+1입,"4,900 원","(3,267원)",2+1
벡셀)알카라인AA4입,"6,900 원","(4,600원)",2+1
에너자이저맥스플러스AA4입,"9,900 원","(4,950원)",1+1
벡셀)고성능알카라인AAA2입,"4,800 원","(3,200원)",2+1
에너자이저)알카라인AAA2+1입,"4,900 원","(3,267원)",2+1
벡셀)알카라인AAA4입,"6,900 원","(4,600원)",2+1
에너자이저맥스플러스AAA4입,"9,900 원","(4,950원)",1+1
서울)아침에주스ABC210ML,"2,000 원","(1,333원)",2+1
빙그레)따옴ABC220ML,"2,400 원","(1,600원)",2+1
롯데)ABC초코2500,"2,500 원","(1,667원)",2+1
유어스)오늘의과일야채ABC250ML,"2,000 원","(1,333원)",2+1
오뚜기)BIG컵누들매콤한맛(대컵),"2,500 원","(1,667원)",2+1
진주)천하장사BIG70G,"2,600 원","(1,300원)",1+1
BR)페코아이스모나카딸기140ML,"3,800 원","(1,900원)",1+1
BR)페코아이스모나카우유140ML,"3,800 원","(1,900원)",1+1
BR)애플민트제로350ML,"1,900 원",(950원),1+1
BR)레인보우샤베트제로350ML,"1,900 원",(950원),1+1
BR)망고탱고과즙워터500ML,"2,500 원","(1,250원)",1+1
BR)피치요거트과즙워터500ML,"2,500 원","(1,250원)",1+1
BR)레인보우샤베트과즙워터500ML,"2,500 원","(1,250원)",1+1
동아)오란씨파인비타민C350ML,"1,700 원","(1,133원)",2+1
CC)남성로퍼페이크삭스1+1,"4,900 원","(3,267원)",2+1
CC)여성로퍼페이크삭스1+1,"4,900 원","(3,267원)",2+1
CJ)모닝두부(클래식),"2,000 원","(1,333원)",2+1
CJ)스팸김치덮밥(컵밥),"4,800 원","(3,200원)",2+1
CJ)햇반미역국밥(컵밥),"4,200 원","(2,800원)",2+1
CJ)햇반황태국밥(컵밥),"4,200 원","(2,800원)",2+1
CJ)공화춘자장덮밥(컵밥),"4,800 원","(3,200원)",2+1
CJ)햇반김치날치알밥(컵밥),"4,800 원","(3,200원)",2+1
CJ)햇반사골곰탕국밥(컵밥),"4,200 원","(2,800원)",2+1
CJ)햇반스팸마요덮밥(컵밥),"4,800 원","(3,200원)",2+1
CJ)햇반중화마파덮밥(컵밥),"4,800 원","(3,200원)",2+1
CJ)햇반참치마요덮밥(컵밥),"4,800 원","(3,200원)",2+1
CJ)햇반철판김치덮밥(컵밥),"4,800 원","(3,200원)",2+1
CJ)햇반치킨마요덮밥(컵밥),"4,800 원","(3,200원)",2+1
CJ)햇반순두부찌개국밥(컵밥),"4,800 원","(3,200원)",2+1
CJ)햇반강된장보리비빔밥(컵밥),"4,800 원","(3,200원)",2+1
CJ)닭가슴살스테이크100G,"4,500 원","(3,000원)",2+1
CJ)닭가슴살순살케이준100G,"4,500 원","(3,000원)",2+1
CJ)비비고썰은배추김치100G,"1,800 원","(1,200원)",2+1
CJ)한뿌리인삼대보100ML,"4,500 원","(2,250원)",1+1
CJ)한뿌리홍삼대보100ML,"5,000 원","(2,500원)",1+1
CJ)한뿌리흑삼아르기닌100ML,"5,000 원","(2,500원)",1+1
CJ)비비고직화참기름김(12봉),"9,600 원","(4,800원)",1+1
CJ)스팸120G,"4,200 원","(2,800원)",2+1
CJ)숯불갈비후랑크120G,"3,300 원","(1,650원)",1+1
CJ)닭가슴살소시지120G(2입),"4,500 원","(3,000원)",2+1
CJ)햇반반공기130G,"1,700 원",(850원),1+1
CJ)워터젤리포도130G,"1,900 원","(1,267원)",2+1
CJ)워터젤리복숭아130G,"1,900 원","(1,267원)",2+1
CJ)워터젤리오렌지130G,"1,900 원","(1,267원)",2+1
CJ)더건강한후랑크140G(2입),"3,900 원","(2,600원)",2+1
CJ)맥스봉소시지150G,"3,900 원","(1,950원)",1+1
CJ)비비고김치볶음150G,"3,200 원","(2,133원)",2+1
CJ)햇반귀리흑미곤약밥150G,"3,900 원","(2,600원)",2+1
CJ)햇반현미귀리곤약밥150G,"3,900 원","(2,600원)",2+1
CJ)쁘띠첼밀감160G,"2,200 원","(1,467원)",2+1
CJ)쁘띠첼포도160G,"2,200 원","(1,467원)",2+1
CJ)쁘띠첼복숭아160G,"2,200 원","(1,467원)",2+1
CJ)고메소바바치킨소이허니180G,"5,900 원","(3,933원)",2+1
CJ)스팸200G,"6,200 원","(4,133원)",2+1
CJ)스팸닭가슴살200G,"6,200 원","(4,133원)",2+1
CJ)햇반200G(3입),"5,700 원","(3,800원)",2+1
CJ)햇반깍두기볶음밥201G,"3,900 원","(2,600원)",2+1
CJ)명가김자반(한식간장)20G,"2,800 원","(1,400원)",1+1
CJ)햇반(원형)210G,"2,100 원","(1,400원)",2+1
CJ)햇반(오곡밥)210G,"2,800 원","(1,867원)",2+1
CJ)햇반(흑미밥)210G,"2,800 원","(1,867원)",2+1
CJ)햇반(현미쌀밥)210G,"2,800 원","(1,867원)",2+1
CJ)햇반(발아현미밥)210G,"2,800 원","(1,867원)",2+1
CJ)햇반매일잡곡밥210G,"2,800 원","(1,867원)",2+1
CJ)햇반210G(8입),"14,500 원","(9,667원)",2+1
CJ)스팸김치볶음밥220G,"3,900 원","(2,600원)",2+1
CJ)비건프로틴초코250ML,"2,900 원","(1,933원)",2+1
CJ)비건프로틴커피250ML,"2,900 원","(1,933원)",2+1
CJ)스팸25%라이트200G[D2],"6,200 원","(4,133원)",2+1
CJ)비비고단호박죽280G,"4,500 원","(3,000원)",2+1
CJ)비비고소고기죽280G,"4,500 원","(3,000원)",2+1
CJ)비비고버섯야채죽280G,"4,500 원","(3,000원)",2+1
CJ)큰햇반300G,"2,900 원","(1,933원)",2+1
CJ)큰햇반300G(3입),"8,300 원","(5,533원)",2+1
CJ)비비고매운왕교자315G,"5,900 원","(3,933원)",2+1
CJ)비비고한입떡갈비320G,"7,900 원","(5,267원)",2+1
CJ)비비고수제든든한섬만두320G,"5,900 원","(3,933원)",2+1
CJ)수제진한고기교자327G,"5,900 원","(3,933원)",2+1
CJ)비비고동그랑땡340G,"7,900 원","(5,267원)",2+1
CJ)삼호어묵얼큰오뎅한그릇360G,"3,900 원","(2,600원)",2+1
CJ)국산콩부침두부380G,"5,900 원","(2,950원)",1+1
CJ)국산콩찌개두부380G,"5,900 원","(2,950원)",1+1
CJ)비비고김치왕교자385G,"5,900 원","(3,933원)",2+1
CJ)비비고김치400G,"5,900 원","(3,933원)",2+1
CJ)비비고갈비탕400G,"7,900 원","(5,267원)",2+1
CJ)비비고왕교자420G,"5,900 원","(3,933원)",2+1
CJ)맛밤42G,"2,400 원","(1,600원)",2+1
CJ)맥스봉프로틴45G,"2,200 원","(1,467원)",2+1
CJ)비비고사골순댓국460G,"7,900 원","(5,267원)",2+1
CJ)비비고스팸부대찌개460G,"7,900 원","(5,267원)",2+1
CJ)비비고시래기감자탕460G,"7,900 원","(5,267원)",2+1
CJ)비비고차돌된장찌개460G,"7,900 원","(5,267원)",2+1
CJ)비비고돼지고기김치찌개460G,"7,900 원","(5,267원)",2+1
CJ)비비고소고기듬뿍미역국460G,"9,900 원","(4,950원)",1+1
CJ)비비고소고기듬뿍설렁탕460G,"9,900 원","(4,950원)",1+1
CJ)비비고육개장500G,"5,900 원","(3,933원)",2+1
CJ)비비고소고기미역국500G,"5,900 원","(3,933원)",2+1
CJ)비비고한우사골곰탕500G,"3,200 원","(1,600원)",1+1
CJ)맥스봉오리지널50G,"2,200 원","(1,467원)",2+1
CJ)맥스봉치즈플러스55G(1입),"2,200 원","(1,467원)",2+1
CJ)맛군밤60G,"3,900 원","(2,600원)",2+1
CJ)구이한판그릴스모크60G,"3,300 원","(1,650원)",1+1
CJ)맥스봉치즈70G,"2,600 원","(1,733원)",2+1
CJ)맥스봉오리지널70G,"2,600 원","(1,733원)",2+1
CJ)더건강한그릴후랑크70G,"2,500 원","(1,667원)",2+1
CJ)맛밤80G,"3,900 원","(2,600원)",2+1
CJ)닭가슴살소시지80G,"2,900 원","(1,933원)",2+1
CJ)비비고김치볶음80G,"1,900 원","(1,267원)",2+1
CJ)닭가슴살소시지(청양)80G,"2,900 원","(1,933원)",2+1
CJ)맥스봉갈릭후랑크80G,"2,500 원","(1,667원)",2+1
CJ)이탈리안슬라이스80G,"6,900 원","(3,450원)",1+1
CJ)프로틴어묵오징어80G,"3,300 원","(2,200원)",2+1
CJ)맥스봉청양고추후랑크80G,"2,500 원","(1,667원)",2+1
CJ)등심슬라이스90G,"6,900 원","(3,450원)",1+1
CJ)직화구이꼬치바90G,"2,500 원","(1,667원)",2+1
CJ)직화구이꼬치바(청양)90G,"2,500 원","(1,667원)",2+1
CJ)맥스봉숯불구이맛핫바90G,"2,500 원","(1,250원)",1+1
CJ)BIG스팸김치덮밥(컵밥),"5,400 원","(3,600원)",2+1
CJ)BIG치킨마요덮밥(컵밥),"5,400 원","(3,600원)",2+1
CJ)BIG소고기미역국밥(컵밥),"5,400 원","(3,600원)",2+1
CLOOP)제로소다포도500ML,"2,500 원","(1,667원)",2+1
CLOOP)제로소다복숭아500ML,"2,500 원","(1,667원)",2+1
CLOOP)제로소다청사과500ML,"2,500 원","(1,667원)",2+1
CLOOP)제로소다파인애플500ML,"2,500 원","(1,667원)",2+1
동아)모닝케어D100ML,"5,000 원","(2,500원)",1+1
동원)상상리챔육포(오리지널)[D2,"5,500 원","(3,667원)",2+1
퍼실)DISC파워(캡슐세제)18입,"22,000 원","(14,667원)",2+1
FIJI)디나자임딥클린1L(리필),"11,900 원","(5,950원)",1+1
누텔라&GO52G,"2,800 원","(1,867원)",2+1
GS)XXL웨이퍼코코아1000,"1,000 원",(500원),1+1
GS)XXL웨이퍼화이트1000,"1,000 원",(500원),1+1
GS)XXXL웨이퍼코코아65G,"1,400 원",(700원),1+1
GS)XXXL웨이퍼화이트65G,"1,400 원",(700원),1+1
남양)맛있는우유GT딸기300ML,"1,950 원","(1,300원)",2+1
남양)맛있는우유GT초코300ML,"1,950 원","(1,300원)",2+1
동아)모닝케어H100ML,"5,000 원","(2,500원)",1+1
HK)컨디션100ML,"5,000 원","(3,333원)",2+1
HK)컨디션레이디100ML,"5,000 원","(3,333원)",2+1
HK)헛개수1L,"2,500 원","(1,250원)",1+1
HK)헛개수500ML,"2,200 원","(1,467원)",2+1
HK)제주청귤아이스티500ML,"2,200 원","(1,467원)",2+1
HK)납작복숭아아이스티500ML,"2,200 원","(1,467원)",2+1
HK)컨디션CEO150ML,"10,000 원","(6,667원)",2+1
클린앤힐)KF94방역마스크1입,"1,500 원","(1,000원)",2+1
애니가드)KF94마스크1입(베이지),"1,000 원",(667원),2+1
래피젠)KF94마스크5매(검정),"5,500 원","(3,667원)",2+1
래피젠)KF94마스크5매(베이지),"5,500 원","(3,667원)",2+1
로)KF-AD비말차단마스크5매,"3,000 원","(2,000원)",2+1
에브리가드)KF-AD비말마스크5입,"3,000 원","(2,000원)",2+1
좋은느낌)유기농무표백입는오버L,"11,200 원","(5,600원)",1+1
좋은느낌)입는데이팬티L4P,"10,900 원","(5,450원)",1+1
좋은느낌)입는오버나이트L4P,"10,500 원","(5,250원)",1+1
아이비젼)뽀로로LED피리캔디,"3,000 원","(2,000원)",2+1
LG)페리오토탈7오리지널120G,"4,300 원","(2,150원)",1+1
LG)온더바디촉촉한휘핑비누90G,"2,700 원","(1,350원)",1+1
LG)AURA섬유유연제1L윌유메리미,"10,900 원","(5,450원)",1+1
LIF)옥수수밀크180ML,"1,500 원","(1,000원)",2+1
좋은느낌)입는데이팬티M4P,"10,900 원","(5,450원)",1+1
좋은느낌)입는오버나이트M4P,"10,500 원","(5,250원)",1+1
마즈)M&MS밀크초콜릿37G,"1,500 원","(1,000원)",2+1
마즈)M&MS피넛초콜릿37G,"1,500 원","(1,000원)",2+1
MZK)밀카무,"1,300 원",(867원),2+1
MZK)밀카초코그레인,"1,300 원",(867원),2+1
NAVIYA)콘돔무꼭지초박형3P,"5,500 원","(3,667원)",2+1
머거본)NEW칼몬드캔100G,"6,900 원","(4,600원)",2+1
세아)NEW꽃오징어32G,"6,300 원","(4,200원)",2+1
세아)NEW바베큐조미오징어50G,"5,900 원","(3,933원)",2+1
OKF)옐로우스무디350ML,"2,200 원","(1,100원)",1+1
OKF)워터멜론500ML,"2,200 원","(1,467원)",2+1
OKF)샤인머스캣500ML,"2,200 원","(1,467원)",2+1
OKF)알로에베라킹500ML,"2,200 원","(1,100원)",1+1
OKF)요구르트스파클링500ML,"2,200 원","(1,100원)",1+1
유어스(P)할리스복숭아얼그레이,"2,500 원","(1,250원)",1+1
유어스(P)할리스제주청귤그린티,"2,500 원","(1,250원)",1+1
유어스(P)2080하이브리드칫솔,"3,500 원","(1,750원)",1+1
유어스(P)카멜미숫가루235ML,"2,200 원","(1,100원)",1+1
유어스(P)카멜플랫화이트250ML,"2,600 원","(1,733원)",2+1
유어스(P)커피빈바닐라라떼400ML,"2,700 원","(1,800원)",2+1
유어스(P)커피빈아메리카노400ML,"2,700 원","(1,350원)",1+1
유어스(P)카멜마일드라떼450ML,"2,500 원","(1,667원)",2+1
유어스(P)카멜아메리카노450ML,"2,500 원","(1,667원)",2+1
동아)오란씨파인PET1.5L,"3,000 원","(2,000원)",2+1
코카)스프라이트PET1.5L,"3,200 원","(1,600원)",1+1
동원)보성녹차PET350ML,"1,200 원",(800원),2+1
칸타타)콘트라베이스라떼PET500,"2,700 원","(1,800원)",2+1
칸타타)콘트라베이스블랙PET500,"2,700 원","(1,800원)",2+1
칸타타)콘트라베이스스윗PET500,"2,700 원","(1,800원)",2+1
웅진)하늘보리PET500ML,"1,800 원","(1,200원)",2+1
해태)갈배사이다PET500ML,"2,200 원","(1,467원)",2+1
코카콜라제로PET500ML,"2,300 원","(1,150원)",1+1
롯데)콘트라베이스블랙PET900,"4,000 원","(2,000원)",1+1
니베아)SOS핸드크림75ML,"9,000 원","(6,000원)",2+1
하림)THE미식백미밥180G,"1,900 원","(1,267원)",2+1
하림)THE미식백미밥210G,"2,300 원","(1,533원)",2+1
맥심)TOP스모키라떼200ML,"1,200 원",(800원),2+1
맥심)TOP심플리스무스라떼240ML,"1,900 원","(1,267원)",2+1
맥심TOP)심플리스무스블랙240ML,"1,900 원","(1,267원)",2+1
맥심)TOP돌체라떼275ML,"2,400 원","(1,600원)",2+1
맥심)TOP스모키라떼275ML,"2,400 원","(1,600원)",2+1
맥심)TOP스모키블랙275ML,"2,400 원","(1,600원)",2+1
맥심)TOP너티카라멜라떼300ML,"2,400 원","(1,600원)",2+1
맥심)TOP마일드라떼300ML(컵),"2,400 원","(1,600원)",2+1
맥심)TOP볼드라떼300ML(컵),"2,400 원","(1,600원)",2+1
맥심)TOP더블랙380ML,"3,000 원","(2,000원)",2+1
맥심)TOP마스터라떼380ML,"3,000 원","(2,000원)",2+1
맥심)TOP스위트아메리카노380ML,"3,000 원","(2,000원)",2+1
UHA)까눌레젤리40G,"3,000 원","(2,000원)",2+1
UHA)수(水)구미포도맛40G,"2,500 원","(1,667원)",2+1
UHA)수(水)구미복숭아맛40G,"2,500 원","(1,667원)",2+1
오뚜기)불고기피자UNO180G,"6,500 원","(4,333원)",2+1
오뚜기)페퍼로니피자UNO180G,"6,500 원","(4,333원)",2+1
오뚜기)콤비네이션피자UNO195G,"6,500 원","(4,333원)",2+1
문구특)스윕W접착수정테이프,"3,000 원","(1,500원)",1+1
오뚜기)XO슈마이새우133G,"4,000 원","(2,667원)",2+1
오뚜기)XO교자만두324G,"6,400 원","(4,267원)",2+1
Y)의성마늘매콤왕교자140G,"4,300 원","(2,150원)",1+1
Y)의성마늘닭가슴살비엔나140G,"4,200 원","(2,800원)",2+1
Y)야쿠르트그랜드복숭아280ML,"1,700 원",(850원),1+1
Y)페이스4일회용면도기1입,"1,900 원",(950원),1+1
Y)틈새후랑크65G,"2,500 원","(1,667원)",2+1
Y)틈새소스어묵바70G,"2,500 원","(1,667원)",2+1
Y(P)피지컬100닭가슴살100G,"4,500 원","(3,000원)",2+1
Y(P)수비드바질&올리브100G,"4,500 원","(3,000원)",2+1
Y(P)수비드한입닭가슴살100G,"4,700 원","(3,133원)",2+1
Y(P)황도알맹이1200,"1,200 원",(800원),2+1
Y(P)톡핑피넛&허니43G,"1,500 원","(1,000원)",2+1
Y(P)천하장사저지방후랑크90G,"2,500 원","(1,667원)",2+1
Y(P)천하장사저지방닭가슴살90G,"2,500 원","(1,667원)",2+1
문구특)그리픽스Z지우개2입,"1,200 원",(600원),1+1
ZK)여성소프트덧신1+1,"4,500 원","(3,000원)",2+1
ZK)남성면덧신1+1,"4,500 원","(3,000원)",2+1
